id,name,name:ru,name:uk,uwagi
node/598899114,Aleksandrów Kujawski,Александрув-Куявский,Олександрів Куявський,
node/31881622,Aleksandrów Łódzki,Александрув-Лодзинский,Олександрів Лодзкі,
node/31903013,Alwernia,Альверня,Альверня,
node/271748533,Andrychów,Андрыхув,Андрихув,
node/371978037,Annopol,Аннополь,Аннополь,
node/1755364645,Augustów,Августов,Августів,
node/31628010,Babimost,Бабимост,Бабімост,
node/602101718,Baborów,Баборув,Баборув,
node/31899479,Baranów Sandomierski,Баранув-Сандомерский,Баранів Сандомєжський,
node/598905046,Barcin,Барцин,Барцін,
node/31527705,Barczewo,Барчево,Барчево,
node/299298256,Bardo,Бардо,Бардо,
node/126123967,Barlinek,Барлинек,Барлінек,
node/31527468,Bartoszyce,Бартошице,Бартошице,
node/1758659806,Barwice,Барвице,Барвіце,
node/31902942,Będzin,Бендзин,Бендзин,
node/1758913960,Bełchatów,Белхатув,Белхатув,
node/31878133,Bełżyce,Белжице,Белжице,
node/596446095,Biała,Бяла,Бяла,
node/31578082,Biała Piska,Бяла-Писка,Бяла Піска,
node/31702832,Biała Podlaska,Бяла-Подляска,Біла Підляська,
node/31878124,Biała Rawska,Бяла-Равска,Біла Равська,
node/368033785,Białobrzegi,Бялобжеги,Бялобжегі,
node/31347663,Białogard,Бялогард,Білогард,
node/31347652,Biały Bór,Бялы-Бур,Білава,
node/60038888,Białystok,Белосток,Білосток,
node/1763537474,Biecz,Беч,Беч,
node/613084173,Bielawa,Белява,Белява,
node/265615741,Bielsk Podlaski,Бельск-Подляски,Більськ Підляський,
node/253523175,Bielsko-Biała,Бельско-Бяла,Бельсько-Бяла,
node/31902885,Bieruń,Берунь,Берунь,
node/31811432,Bierutów,Берутув,Берутув,
node/283931972,Bieżuń,Бежунь,Бежунь,
node/371948750,Biłgoraj,Билгорай,Білгорай,
node/31526938,Biskupiec,Бискупец,Біскупець,
node/31526315,Bisztynek,Биштынек,Біштинек,
node/597719872,Blachownia,Бляховня,Бляховня,
node/31811278,Błaszki,Блашки,Блашкі,
node/566488640,Błażowa,Блажова,Блажова,
node/31702473,Błonie,Блоне,Блоне,
node/1758659795,Bobolice,Боболице,Боболіце,
node/1854936771,Bobowa,Бобова,Бобова,
node/248045354,Bochnia,Бохня,Бохня,
node/31899213,Bodzentyn,Бодзентын,Бодзентин,
node/190630506,Bogatynia,Богатыня,Богатиня,
node/1854936780,Boguchwała,Богухвала,Богухвала,
node/1770680178,Boguszów-Gorce,Богушув-Горце,Богушув-Горце,
node/31810993,Bojanowo,Бояново,Бояново,
node/2175222542,Bolesławiec,Болеславец,Болеславець,
node/292137678,Bolimów,Болимув,Болімув,
node/268947528,Bolków,Болькув,Болькув,
node/31810856,Borek Wielkopolski,Борек-Велькопольский,Борек-Велькопольский,
node/31580922,Borne Sulinowo,Борне-Сулиново,Борне-Суліново,
node/1838553920,Braniewo,Бранево,Бранево,
node/599266728,Brańsk,Браньск,Браньськ,
node/82782266,Brodnica,Бродница,Бродніца,
node/602099835,Brok,Брок,Брок,
node/31532482,Brusy,Брусы,Бруси,
node/31701866,Brwinów,Брвинув,Брвінув,
node/394581481,Brzeg,Бжег,Бжеґ (місто),
node/31810259,Brzeg Dolny,Бжег-Дольны,Бжег-Дольний,
node/598898210,Brześć Kujawski,Бжесьц Куявськи,Бжесьць Куявський,
node/268608330,Brzesko,Бжеско,Бжеско,
node/1854936792,Brzeszcze,Бжеще,Бжеще,
node/60121372,Brzeziny,Бжезины,Бжезіни,
node/38403574,Brzostek,Бжостек,Бжостек,
node/1848786444,Brzozów,Бжозув,Березів,
node/258335358,Budzyń,Будзинь,Будзинь,
node/31626656,Buk,Бук,Бук,
node/31902615,Bukowno,Буковно,Буковно,
node/31898571,Busko-Zdrój,Буско-Здруй,Буско Здруй,
node/371949192,Bychawa,Быхава,Бихава,
node/31809727,Byczyna,Бычина,Бичина,
node/31337673,Bydgoszcz,Быдгощ,Бидґощ,
node/282215860,Bystrzyca Kłodzka,Быстшица-Клодзка,Бистшиця-Клодзька,
node/171379806,Bytom,Бытом,Битом,
node/31809716,Bytom Odrzański,Бытом-Оджаньский,Битом Оджаньські,
node/1775164003,Bytów,Бытув,Битув,
node/290681189,Cedynia,Цединя,Цединя,
node/1854936819,Cegłów,Цеглув,Цеґлув,
node/339828805,Chęciny,Хенцины,Хенціни,
node/253543591,Chełm,Хелм,Холм,
node/692604365,Chełmek,Хелмек,Хелмек,
node/31592442,Chełmno,Хелмно,Хелмно,
node/31592428,Chełmża,Хелмжа,Хелмжа,
node/1854936827,Chmielnik,Хмельник,Хмельник,
node/31809141,Chocianów,Хоцянув,Хоцянув,
node/31592354,Chociwel,Хоцивель,Хоцивель,
node/31809028,Chocz,Хоч,Хоч,
node/31710448,Chodecz,Ходеч,Ходеч,
node/258335409,Chodzież,Ходзеж,Ходзеж,
node/256330580,Chojna,Хойна,Хойна,
node/26432853,Chojnice,Хойнице,Хойніце,
node/31808857,Chojnów,Хойнув,Хойнув,
node/31577715,Choroszcz,Хорощ,Хорощ,
node/31577714,Chorzele,Хожеле,Хожеле,
node/29573582,Chorzów,Хожув,Хожув,
node/31592326,Choszczno,Хощно,Хощно,
node/31902474,Chrzanów,Хшанув,Хшанув,
node/52831102,Ciechanów,Цеханув,Цеханув,
node/1818704253,Ciechanowiec,Цехановец,Цехановец,
node/598900398,Ciechocinek,Цехоцинек,Цехоцінек,
node/31897853,Cieszanów,Цешанув,Цешанув,
node/327364412,Cieszyn,Цешин,Цешин,
node/1855033871,Ciężkowice,Ченжковице,Ценжковіце,
node/31897710,Ćmielów,Чмелюв,Чмелюв,
node/31626050,Cybinka,Цыбинка,Цибінка,
node/1758660004,Czaplinek,Чаплинек,Чаплінек,
node/31577634,Czarna Białostocka,Чарна-Белостоцка,Чарна Бялостоцка,
node/31532349,Czarna Woda,Чарна-Вода,Чарна Вода,
node/31347464,Czarne,Чарне,Чарне,
node/252871016,Czarnków,Чарнкув,Чарнкув,
node/685489014,Czchów,Чхув,Чхув,
node/1855033873,Czechowice-Dziedzice,Чеховице-Дзедзице,Чеховіце Дзедзіце,
node/31902399,Czeladź,Челядзь,Челядзь,
node/31625975,Czempiń,Чемпинь,Чемпінь,
node/31625942,Czerniejewo,Чернеево,Чернеєво,
node/31532334,Czersk,Черск,Черск,
node/692603548,Czerwieńsk,Червенск,Червеньск,
node/31700401,Czerwińsk nad Wisłą,Червинск на реке Висла,Червіньск на річці Вісла,
node/692604910,Czerwionka-Leszczyny,Червёнка-Лещины,Червйонка-Лещини,
node/31902385,Częstochowa,Ченстохова,Ченстохова,
node/31591862,Człopa,Члопа,Члопа,
node/30301803,Człuchów,Члухув,Члухув,
node/31598114,Czyżew,Чижев,Чижев,
node/31625880,Dąbie,Домбе,Домбе,
node/1755364655,Dąbrowa Białostocka,Домброва-Белостоцкая,Домброва Білостоцька,
node/1507719599,Dąbrowa Górnicza,Домброва-Гурнича,Домброва Гурніча,
node/31896633,Dąbrowa Tarnowska,Домброва-Тарновска,Домброва Тарновська,
node/31896315,Daleszyce,Далешице,Далешице,
node/31347434,Darłowo,Дарлово,Дарлово,
node/31895072,Dębica,Дембица,Дембиця,
node/1854936845,Dęblin,Демблин,Демблін,
node/393952241,Dębno,Дембно,Дембно,
node/31591564,Debrzno,Дебжно,Дебжно,
node/508068396,Dobczyce,Добчице,Добчице,
node/257422860,Dobiegniew,Добегнев,Добегнев,
node/529115993,Dobra,Добра,Добра,
node/1758659807,Dobra,Добра,Добра,
node/31525100,Dobre Miasto,Добре Място,Добре Місто,
node/570758201,Dobrodzień,Добродзень,Добродзень,
node/1758659854,Dobrzany,Добжаны,Добжани,
node/692632647,Dobrzyca,Добжица,Добжица,
node/1867069606,Dobrzyń nad Wisłą,Добжинь на реке Висла,Добжинь на річці Вісла,
node/268225193,Dolsk,Дольск,Дольск,
node/31591344,Drawno,Дравно,Дравно,
node/1758659809,Drawsko Pomorskie,Дравско-Поморске,Дравско Поморске,
node/477361544,Drezdenko,Дрезденко,Дрезденко,
node/500751187,Drobin,Дробин,Дробін,
node/1855026515,Drohiczyn,Дрохичин,Дрохічин,
node/105491400,Drzewica,Джевица,Джевиця,
node/692614019,Dubiecko,Дубецко,Дубецко,
node/40641710,Dukla,Дукля,Дукля,
node/349987517,Duszniki-Zdrój,Душники-Здруй,Душники Здруй,
node/506203648,Dynów,Дынув,Динув,
node/31577347,Działdowo,Дзялдово,Дзялдово,
node/31895302,Działoszyce,Дзялошице,Дзялошице,
node/31806052,Działoszyn,Дзялошин,Дзялошин,
node/31532261,Dzierzgoń,Дзежгонь,Дзежгонь,
node/295814305,Dzierżoniów,Дзержонюв,Дзержонюв,
node/255755745,Dziwnów,Дзивнув,Дзивнув,
node/31532258,Elbląg,Эльблонг,Ельблонг,
node/253553350,Ełk,Элк,Елк,
node/1854936850,Frampol,Фрамполь,Фрамполь,
node/31532247,Frombork,Фромборк,Фромборк,
node/31709942,Gąbin,Гомбин,Гомбин,
node/1855026517,Garwolin,Гарволин,Гарволін,
node/26432122,Gdańsk,Гданьск,Гданськ,
node/26432430,Gdynia,Гдыня,Гдиня,
node/31524789,Giżycko,Гижицко,Гіжицько,
node/1854936856,Glinojeck,Глиноецк,Гліноєцьк,
node/28900665,Gliwice,Гливице,Глівіце,
node/1758659813,Głogów,Глогув,Ґлоґув,
node/31894993,Głogów Małopolski,Глогув-Малопольский,Глогув-Малопольський,
node/568060456,Głogówek,Глогувек,Глогувек,
node/31880924,Głowno,Гловно,Гловно,
node/560469083,Głubczyce,Глубчице,Ґлубчице,
node/567145434,Głuchołazy,Глухолазы,Глухолази,
node/1770680193,Głuszyca,Глушица,Глушица,
node/31532215,Gniew,Гнев,Гнев,
node/598903372,Gniewkowo,Гневково,Гневково,
node/158801054,Gniezno,Гнезно,Гнезно,
node/560719867,Gogolin,Гоголин,Гоголін,
node/264534777,Gołańcz,Голаньч,Голаньч,
node/1758659853,Golczewo,Гольчево,Гольчево,
node/31524739,Gołdap,Голдап,Голдап,
node/1758659834,Goleniów,Голенюв,Голенюв,
node/31623989,Golina,Голина,Голіна,
node/31590395,Golub-Dobrzyń,Голюб-Добжинь,Голюб Добжинь,
node/31577128,Goniądz,Гонёндз,Гоньондз,
node/369598568,Góra,Гура,Ґура,
node/31876827,Góra Kalwaria,Гура-Кальвария,Ґура-Кальварія,
node/1859446993,Goraj,Горай,Ґорай,
node/1763537486,Gorlice,Горлице,Ґорліце,
node/31524682,Górowo Iławeckie,Гурово-Илавецке,Ґурово Ілавецьке,
node/31590318,Górzno,Гужно,Ґужно,
node/31803574,Gorzów Śląski,Гожув-Слёнский,Ґожув Шльонский,
node/357913636,Gorzów Wielkopolski,Гожув-Велькопольски,Ґожув-Велькопольський,
node/1758659852,Gościno,Госцино,Ґосьцино,
node/274790087,Gostyń,Гостынь,Ґостинь,
node/31709532,Gostynin,Гостынин,Ґостинін,
node/31803356,Gozdnica,Гоздница,Ґоздніца,
node/31803186,Grabów nad Prosną,Грабув-над-Просной,Ґрабув на річці Просні,
node/349239193,Grajewo,Граево,Ґраєво,
node/431023768,Grodków,Гродкув,Ґродкув,
node/31698397,Grodzisk Mazowiecki,Гродзиск-Мазовецкий,Ґродзіск Мазовецький,
node/31623501,Grodzisk Wielkopolski,Гродзиск-Велькопольский,Ґродзіск Велькопольський,
node/1854936860,Grójec,Груец,Ґруєць,
node/1697586141,Grudziądz,Грудзёндз,Ґрудзьондз,
node/692609203,Grybów,Грыбув,Грибів,
node/1758659838,Gryfice,Грыфице,Ґрифіце,
node/31590108,Gryfino,Грыфино,Ґрифіно,
node/1770680179,Gryfów Śląski,Грыфув-Слёнский,Ґрифув  Шльонский,
node/31802728,Gubin,Губин,Ґубін,
node/246690942,Hajnówka,Хайнувка,Хайнувка,
node/457485723,Halinów,Халинув,Халінув,
node/524124149,Hel,Хел,Хел,
node/31158635,Hrubieszów,Грубешов,Грубешів,
node/31589970,Iława,Илава,Ілава,
node/31802423,Iłowa,Илова,Ілова,
node/31876427,Iłża,Илжа,Ілжа,
node/31902084,Imielin,Имелин,Імелін,
node/229987043,Inowrocław,Иновроцлав,Іновроцлав,
node/1758659864,Ińsko,Иньско,Іньско,
node/31894302,Iwaniska,Іваниска,Іваніска,
node/635561654,Iwonicz-Zdrój,Ивоныч Здруй,Івонич Здруй,
node/1850625500,Izbica,Избица,Ізбица,
node/31623062,Izbica Kujawska,Избица-Куявска,Ізбиця Куявська,
node/1854936864,Jabłonowo Pomorskie,Яблоново Поморське,Яблоново Поморське,
node/692624480,Janikowo,Яниково,Яніково,
node/371949690,Janów Lubelski,Янув Любельский,Янув Любельський,
node/692612044,Janowiec Wielkopolski,Яновець Велькопольский,Яновець  Велькопольський,
node/31801786,Jaraczewo,Ярачево,Ярачево,
node/2904651941,Jarocin,Яроцын,Яроцин,
node/96021504,Jarosław,Ярослав,Ярослав,
node/274497581,Jasień,Ясень,Ясень,
node/1763537494,Jasło,Ясло,Ясло,
node/30981159,Jastarnia,Ястарня,Ястарня,
node/31589689,Jastrowie,Ястрове,Ястрове,
node/2154460153,Jastrzębie-Zdrój,Ястшембе-Здруй,Ястшембе-Здруй,
node/31801635,Jawor,Явор,Явор,
node/31901916,Jaworzno,Явожно,Явожно,
node/282370077,Jaworzyna Śląska,Явожина-Слёнска,Явожина Шльонська,
node/634167458,Jedlicze,Едличе,Єдліче,
node/1770680173,Jedlina-Zdrój,Едлина-Здруй,Єдліна Здруй,
node/368033804,Jedlnia-Letnisko,Едльня-Летниско,Єдльня Летніско,
node/31894002,Jędrzejów,Енджеув,Єнджеюв,
node/31576562,Jedwabne,Едвабне,Єдвабне,
node/31801528,Jelcz-Laskowice,Елч Ласковице,Єлч Ласковіце,
node/246693057,Jelenia Góra,Еленя-Гура,Єленя-Ґура,
node/31524183,Jeziorany,Езёраны,Єзьорани,
node/507043957,Jordanów,Йорданув,Йорданув,
node/31697213,Józefów,Юзефув,Юзефув,
node/1854936895,Józefów,Юзефув,Юзефув,
node/1863582667,Józefów nad Wisłą,Юзефув на реке Висла,Юзефув на річці Вісла,
node/31801144,Jutrosin,Ютросин,Ютросин,
node/31589386,Kaczory,Качоры,Качори,
node/498468557,Kalety,Калеты,Калети,
node/1697928657,Kalisz,Калишь,Каліш,
node/1758659855,Kalisz Pomorski,Калиш-Поморский,Каліш Поморський,
node/1854936901,Kałuszyn,Калушин,Калушин,
node/262894019,Kalwaria Zebrzydowska,Кальваря-Зебжидовская,Кальварія-Зебжидовська,
node/31589327,Kamień Krajeński,Камень-Краеньский,Камінь Краєньський,
node/27272766,Kamień Pomorski,Камень-Поморский,Камінь-Поморський,
node/1770680182,Kamieniec Ząbkowicki,Зомбковице-Слёнске,Зомбковіце-Шльонський,
node/370165392,Kamienna Góra,Каменна-Гура,Камінна Ґура,
node/31880716,Kamieńsk,Каменьск,Каменьск,
node/362656279,Kamionka,Камйонка,Камйонка,
node/514049775,Kańczuga,Канвчуга,Каньвчуга,
node/31696813,Karczew,Карчев,Карчев,
node/31622004,Kargowa,Каргова,Каргова,
node/1758659858,Karlino,Карлино,Карліно,
node/385563068,Karpacz,Карпач,Карпач,
node/24981918,Kartuzy,Картузы,Картузи,
node/31901874,Katowice,Катовице,Катовіце,
node/1770680184,Kąty Wrocławskie,Конты-Вроцлавске,Конти Вроцлавські,
node/31875542,Kazimierz Dolny,Казимеж-Дольны,Казімеж Дольний,
node/31893519,Kazimierza Wielka,Казимежа-Велька,Казімежа Велька,
node/600044435,Kcynia,Кцыня,Кциня,
node/253549223,Kędzierzyn-Koźle,Кендзежин-Козле,Кендзежин-Козьле,
node/31346981,Kępice,Кемпице,Кемпіце,
node/31795168,Kępno,Кемпно,Кемпно,
node/31523898,Kętrzyn,Кентшин,Кентшин,
node/271748535,Kęty,Кенты,Кенти,
node/2110720553,Kielce,Кельце,Кельце,
node/535404940,Kietrz,Кетш,Кетш,
node/31588983,Kisielice,Киселице,Кіселице,
node/563338229,Kłecko,Клецко,Клецко,
node/31621695,Kleczew,Клечев,Клечев,
node/464006425,Kleszczele,Клещеле,Клещеле,
node/31893353,Klimontów,Климонтув,Клімонтув,
node/3423852078,Kłobuck,Клобуцк,Клобуцьк,
node/1524210025,Kłodawa,Клодава,Клодава,
node/299292990,Kłodzko,Клодзко,Клодзко,
node/56022628,Kluczbork,Ключборк,Ключборк,
node/261839053,Knurów,Кнурув,Кнурув,
node/31576295,Knyszyn,Кнышин,Книшин,
node/638344968,Kobylin,Кобылин,Кобилін,
node/348945975,Kobyłka,Кобылка,Кобилка,
node/8900695828,Kock,Коцк,Коцк,
node/602499181,Kołaczyce,Колачице,Колачице,
node/31893273,Kolbuszowa,Кольбушова,Кольбушова,
node/31576064,Kolno,Кольно,Кольно,
node/529542296,Koło,Коло,Коло,
node/1523247400,Kołobrzeg,Колобжег,Колобжег,
node/596447807,Kolonowskie,Колёновске,Кольоновське,
node/31880566,Koluszki,Колушки,Колушкі,
node/31901742,Koniecpol,Конецполь,Конецполь,
node/253530808,Konin,Конин,Конін,
node/31874770,Końskie,Коньске,Конське,
node/31695669,Konstancin-Jeziorna,Констанцин-Езёрна (город),Констанцин Єзьорна,
node/31880561,Konstantynów Łódzki,Константынув-Лодзинский,Константинув Лодзиньський,
node/31892813,Koprzywnica,Копшивница,Копшивніца,
node/597656543,Korfantów,Корфантув,Корфантув,
node/31620966,Kórnik,Курник,Курнік,
node/31588523,Koronowo,Короново,Короново,
node/31523544,Korsze,Корше,Корше,
node/31620899,Kościan,Косьцян,Косьцян,
node/24974807,Kościerzyna,Косцежина,Косьцежина,
node/479425679,Kosów Lacki,Косув-Ляцки,Косув Ляцкий,
node/31620845,Kostrzyn,Костшин,Костшин,
node/293127233,Kostrzyn nad Odrą,Костшин-над-Одрой,Костшин на Одері,
node/31346920,Koszalin,Кошалин,Кошалін,
node/1894337188,Koszyce,Кошице,Кошице,
node/598897307,Kowal,Коваль,Коваль,
node/31588404,Kowalewo Pomorskie,Ковалево-Поморске,Ковалево Поморське,
node/418569492,Kowary,Ковары,Ковари,
node/528078976,Koziegłowy,Козегловы,Козеґлови (Сілезьке воєводство),
node/2066176707,Kozienice,Козенице,Козеніце,
node/560519383,Koźmin Wielkopolski,Козьмин Велькопольский,Козьмін Велькопольський,
node/1854936912,Koźminek,Козьминек,Козьмінек,
node/1758659811,Kożuchów,Кожухув,Кожухув,
node/31588276,Krajenka,Краенка,Краєнка,
node/1838666975,Kraków,Краков,Краків,
node/560719866,Krapkowice,Крапковице,Крапковіце,
node/371949273,Kraśnik,Красник,Краснік,
node/31892394,Krasnobród,Краснобруд,Краснобруд,
node/197471072,Krasnystaw,Красныстав,Красностав,
node/692632481,Krobia,Кробья,Кроб'я,
node/676109817,Krośniewice,Кросьневице,Кросьневіце,
node/1763537504,Krosno,Кросно,Кросно,
node/26433204,Krosno Odrzańskie,Кросно-Оджаньске,Кросно-Оджанське,
node/31797403,Krotoszyn,Кротошин,Кротошин,
node/527840822,Kruszwica,Крушвица,Крушвіца,
node/31531709,Krynica Morska,Крыница-Морска,Криніца Морска,
node/288825557,Krynica-Zdrój,Крыница-Здруй,Криниця-Здруй,
node/31575223,Krynki,Крынки,Кринкі,
node/562814647,Krzanowice,Кшановице,Кшановіце,
node/596213829,Krzepice,Кшепице,Кшепіце,
node/31901651,Krzeszowice,Кшешовице,Кшешовіце,
node/472379523,Krzywiń,Кшивинь,Кшивінь,
node/260874121,Krzyż Wielkopolski,Кшиж-Велькопольский,Кшиж Велькопольський,
node/31620215,Książ Wielkopolski,Ксёнж-Велькопольский,Ксьонж Велькопольский,
node/346150662,Kudowa-Zdrój,Кудова-Здруй,Кудова Здруй,
node/31891739,Kunów,Кунув,Кунув,
node/253556355,Kutno,Кутно,Кутно,
node/500840374,Kuźnia Raciborska,Кузня-Рациборская,Кузня-Рациборська,
node/31531689,Kwidzyn,Квидзын,Квідзин,
node/310474340,Łabiszyn,Лабишин,Лабішин,
node/299177114,Lądek-Zdrój,Лёндек-Здруй,Льондек-Здруй,
node/418648597,Łagów,Лагув,Лаґув,
node/31891667,Łańcut,Ланьцут,Ланьцут,
node/599268599,Łapy,Лапы,Лапи,
node/31587581,Łasin,Ласин,Ласін,
node/31880367,Łask,Ласк,Ласк,
node/1854937259,Łaskarzew,Ласкажев,Ласкажев,
node/31891620,Łaszczów,Лащув,Лащув,
node/692604464,Łaziska Górne,Лазиска-Гурне,Лазиська Ґурне,
node/1854937260,Łazy,Лазы (Польша),Лази (місто),
node/30981926,Łeba,Леба,Леба,
node/31531662,Lębork,Лемборк,Лемборк,
node/1841117363,Łęczna,Ленчна,Ленчна,
node/248078775,Łęczyca,Ленчица,Ленчица,
node/244025165,Lędziny,Лендзины,Лендзіни,
node/31694025,Legionowo,Легионово,Леґьоново,
node/3952721523,Legnica,Легница,Легниця,
node/314672220,Łęknica,Ленкница,Ленкніца,
node/39393534,Lesko,Леско,Леско,
node/3009721354,Leśna,Лесьна,Лешна,
node/663676762,Leśnica,Лесница (город),Лесьниця (Опольське воєводство),
node/155462541,Leszno,Лешно,Лешно,
node/299491786,Lewin Brzeski,Левин-Бжеский,Левін Бжеський,
node/31891329,Leżajsk,Лежайск,Лежайськ,
node/31901490,Libiąż,Либёнж,Лібйонж,
node/692602646,Lidzbark,Лидзбарк,Лідзбарк,
node/31522931,Lidzbark Warmiński,Лидзбарк-Варминьски,Лідзбарк Вармінський,
node/227609975,Limanowa,Лиманова,Ліманова,
node/1758659859,Lipiany,Липяны,Ліпяни,
node/466224392,Lipno,Липно,Ліпно,
node/1854936941,Lipsk,Липск,Ліпск,
node/31873964,Lipsko,Липско,Ліпсько,
node/31587119,Łobez,Лобез,Лобез,
node/31587113,Łobżenica,Лобженица,Лобженіца,
node/692617141,Łochów,Лохув,Лохув,
node/30094969,Łódź,Лодзь,Лодзь,
node/31693576,Łomianki,Ломянки,Ломянкі,
node/31574828,Łomża,Ломжа,Ломжа,
node/1854937262,Łosice,Лосице,Лосіце,
node/31707960,Łowicz,Лович,Ловіч,
node/31891166,Lubaczów,Любачув,Любачів,
node/383902758,Lubań,Любань,Любань,
node/363634412,Lubartów,Любартув,Любартув,
node/31587002,Lubawa,Любава,Любава,
node/370165396,Lubawka,Любавка,Любавка,
node/31707928,Lubień Kujawski,Любень-Куявский,Любень Куявський,
node/253531511,Lubin,Любин,Любін,
node/30014556,Lublin,Люблин,Люблін,
node/128055233,Lubliniec,Люблинец,Люблінець,
node/692603635,Lubniewice,Любневице,Любневіце,
node/31796147,Lubomierz,Любомеж,Любомеж,
node/354512367,Luboń,Любонь,Любонь,
node/31586887,Lubowidz,Любовидз,Любовідз,
node/600356053,Lubraniec,Любранец,Любранец,
node/31796132,Lubsko,Любско,Любсько,
node/2006432543,Lubycza Królewska,Любича Крулевска,Любича Крулевска,
node/1854937266,Łuków,Лукув,Лукув,
node/31880272,Lutomiersk,Лютомерск,Лютомерск,
node/31796064,Lututów,Лутутув,Лутутув,
node/31618825,Lwówek,Львувек,Львувек,
node/2668487945,Lwówek Śląski,Львувек-Слёнски,Львувек  Шльонський,
node/35132647,Maków Mazowiecki,Макув-Мазовецки,Макув-Мазовецький,
node/266013007,Maków Podhalański,Макув-Подхаляньский,Маків-Підхалянський,
node/127571050,Malbork,Мальборк,Мальборк,
node/31890647,Małogoszcz,Малогощ,Малоґощ,
node/1758659860,Małomice,Маломице,Маломіце,
node/276970908,Margonin,Маргонин,Маргонін,
node/348945802,Marki,Марки,Маркі,
node/293355196,Maszewo,Машево,Машево,
node/598921475,Miasteczko Śląskie,Мястечко-Слёнске,Мястечко-Шльонське,
node/31346480,Miastko,Мястко,Мястко,
node/31574622,Michałowo,Михалово,Міхалово,
node/31890453,Miechów,Мехув,Мехув,
node/1854936970,Międzybórz,Мендзыбуж,Мендзибуж,
node/281713324,Międzychód,Мендзыхуд,Мендзихуд,
node/299272939,Międzylesie,Мендзылесье,Мендзилесє,
node/359441565,Międzyrzec Podlaski,Мендзыжец-Подляский,Мендзижеч Підляський,
node/31618019,Międzyrzecz,Мендзыжеч,Мендзижеч,
node/255408531,Międzyzdroje,Мендзыздрое,Мендзиздроє,
node/31795622,Miejska Górka,Мейска-Гурка,Мейска Ґурка,
node/31890133,Mielec,Мелец,Мелець,
node/31346475,Mielno,Мельно,Мельно,
node/346144826,Mieroszów,Мерошув,Мерошув,
node/393808189,Mieszkowice,Мешковице,Мешковице,
node/31522735,Mikołajki,Миколайки,Міколайкі,
node/322709211,Mikołów,Миколув,Миколув,
node/31795547,Mikstat,Микстат,Мікстат,
node/31522716,Miłakowo,Милаково,Мілаково,
node/31692544,Milanówek,Милянувек,Мілянувек,
node/31795532,Milicz,Милич,Міліч,
node/31531489,Miłomłyn,Миломлын,Міломлин,
node/31617723,Miłosław,Милослав,Мілослав,
node/31692413,Mińsk Mazowiecki,Миньск-Мазовецки,Міньск Мазовецький,
node/31586189,Mirosławiec,Мирославец,Мірославец,
node/2716747276,Mirsk,Мирск,Мірськ,
node/31574380,Mława,Млава,Млава,
node/31531280,Młynary,Млынары,Млинари,
node/1859414380,Modliborzyce,Модлибожице,Модлібожице,
node/368033575,Mogielnica,Могельница,Могельниця,
node/230100325,Mogilno,Могильно,Моґільно,
node/31574303,Mońki,Моньки,Моньки,
node/692610384,Morąg,Моронг,Моронг,
node/31889932,Morawica,Моравица,Моравіца,
node/1855026520,Mordy,Морды,Морди,
node/1968326353,Moryń,Моринь,Моринь,
node/1901727112,Mosina,Мосина,Мосіна,
node/31522478,Mrągowo,Мронгово,Мронгово,
node/31585959,Mrocza,Мроча,Мроча,
node/31691979,Mrozy,Мрозы,Мрози,
node/507014566,Mszana Dolna,Мшана-Дольна,Мшана-Дольна,
node/31870955,Mszczonów,Мщонув,Мщонув,
node/316751049,Murowana Goślina,Мурована-Гослина,Мурована Госліна,
node/298014658,Muszyna,Мушина,Мушина,
node/262936633,Myślenice,Мысленице,Мисьленіце,
node/1758660001,Myślibórz,Мыслибуж,Мишлібуж,
node/1282380456,Mysłowice,Мысловице,Мисловіце,
node/31901067,Myszków,Мышкув,Мишкув,
node/31574277,Myszyniec,Мышинец,Мишинець,
node/31585837,Nakło nad Notecią,Накло-над-Нотецью,Накло над Нотецею,
node/31870825,Nałęczów,Наленчув,Наленчув,
node/31794910,Namysłów,Намыслув,Намуслув,
node/371818461,Narol,Нароль,Нароль,
node/31603215,Nasielsk,Насельск,Насельськ,
node/598172733,Nekla,Некля,Некля,
node/31574190,Nidzica,Нидзица,,
node/416567038,Niemcza,Немча,Немча,
node/288927742,Niemodlin,Немодлин,Немодлін,
node/31889794,Niepołomice,Неполомице,Неполоміце,
node/1778452735,Nieszawa,Нешава,Нешава,
node/371977886,Nisko,Ниско,Нисько,
node/31889710,Nowa Dęba,Нова-Демба,Нова Демба,
node/274797934,Nowa Ruda,Нова-Руда,Нова Руда,
node/31889688,Nowa Sarzyna,Нова-Сажина,Нова Сажина,
node/31889683,Nowa Słupia,Нова Слупя,Нова Слуп'я,
node/1758659862,Nowa Sól,Нова-Суль,Нова Суль,
node/598184809,Nowe,Нове,Нове,
node/31889649,Nowe Brzesko,Нове-Бжеско,Нове Бжеско,
node/1758659863,Nowe Miasteczko,Нове-Мястечко,Нове М'ястечко,
node/52830261,Nowe Miasto,Нове Място,Нове М'ясто,
node/31585481,Nowe Miasto Lubawskie,Нове-Място-Любавске,Нове М'ясто Любавське,
node/31870239,Nowe Miasto nad Pilicą,Нове-Място-над-Пилицей,Нове М'ясто над Пилицею,
node/31794192,Nowe Skalmierzyce,Нове-Скальмежице,Нове Скальмежице,
node/257422245,Nowe Warpno,Нове-Варпно,Нове Варпно,
node/1758659861,Nowogard,Новогард,Новоґард,
node/31573871,Nowogród,Новогруд,Новоґруд,
node/31794151,Nowogród Bobrzański,Новогруд-Бобжаньский,Новоґруд Бобжанські,
node/1770680188,Nowogrodziec,Новогродзец,Новоґродзіец,
node/31531183,Nowy Dwór Gdański,Новы-Двур-Гданьский,Новий Двур Ґданські,
node/31691304,Nowy Dwór Mazowiecki,Новы-Двур-Мазовецки,Новий Двур Мазовецькі,
node/31889594,Nowy Korczyn,Новы Корчин,Новий Корчин,
node/46715854,Nowy Sącz,Новы-Сонч,Новий Сонч,
node/31531177,Nowy Staw,Новы-Став,Новий Став,
node/147844965,Nowy Targ,Новы-Тарг,Новий Тарг,
node/31616446,Nowy Tomyśl,Новы-Томысль,Новий Томисль,
node/303245076,Nowy Wiśnicz,Новы-Виснич,Новий Вісьнич,
node/253557175,Nysa,Ныса,Ниса,
node/32118900,Oborniki,Оборники,Оборнікі ,
node/31793998,Oborniki Śląskie,Оборники-Слёнске,Оборнікі Шльонські,
node/386600625,Obrzycko,Обжиско,Обжицко,
node/31793879,Odolanów,Одолянув,Одоланув,
node/270577055,Ogrodzieniec,Огродзенец,Огродзенець,
node/31585160,Okonek,Оконек,Оконек,
node/323142704,Oława,Олава,Олава,
node/31522033,Olecko,Олецко,Олеско,
node/259598892,Oleśnica,Олесница,Олесьниця,
node/1912006738,Oleśnica,Олешница,Олесьниця,
node/299951098,Olesno,Олесно,Олесьно,
node/31889446,Oleszyce,Олешице,Олешице,
node/31900901,Olkusz,Олькуш,Олькуш,
node/32566103,Olsztyn,Ольштын,Ольштин,
node/692611716,Olsztyn,Ольштын,Ольштин,
node/31573791,Olsztynek,Ольштынек,Ольштинек,
node/383911098,Olszyna,Ольшина,Ольшина,
node/31616190,Opalenica,Опаленица,Опаленіца,
node/31889422,Opatów,Опатув,Опатув,
node/31793390,Opatówek,Опатувек,Опатувек,
node/1933057152,Opatowiec,Опатовец,Опатов'єц,
node/31869732,Opoczno,Опочно,Опочно,
node/128054630,Opole,Ополе,Ополе,
node/31869717,Opole Lubelskie,Ополе-Любельске,Ополе-Любельське,
node/443716998,Orneta,Орнета,Орнета,
node/692604485,Orzesze,Ожеше,Ожеше,
node/31521881,Orzysz,Ожиш,Ожиш,
node/308020951,Osieczna,Осечна,Осечна,
node/1854937014,Osiek,Осек,Осек,
node/31616006,Ośno Lubuskie,Осьно-Любуске,Осьно-Любуське,
node/31531118,Ostróda,Оструда,Оструда,
node/31573721,Ostrołęka,Остроленка,Остроленка,
node/386596562,Ostroróg,Остроруг,Остроруг,
node/1854937019,Ostrów Lubelski,Острув-Любельский,Острув-Любельські,
node/31601991,Ostrów Mazowiecka,Острув-Мазовецка,Острув-Мазов'єцка,
node/31792887,Ostrów Wielkopolski,Острув-Велькопольский,Острув-Великопольський,
node/31889267,Ostrowiec Świętokrzyski,Островец-Свентокшиский,Островець-Свентокшиський,
node/31792851,Ostrzeszów,Остшешув,Остжешув,
node/31900891,Oświęcim,Освенцим,Освенцим,
node/299173892,Otmuchów,Отмухув,Отмухув,
node/31690587,Otwock,Отвоцк,Отвоцк,
node/1758659808,Otyń,Отынь,Отинь,
node/31889234,Ożarów,Ожарув,Ожарув,
node/31690528,Ożarów Mazowiecki,Ожарув-Мазовецкий,Ожарув-Мазовецький,
node/249556046,Ozimek,Озимек,Озімек,
node/244598142,Ozorków,Озоркув,Озоркув,
node/31879926,Pabianice,Пабьянице,Паб’яніце,
node/31889231,Pacanów,Пацанов,Пацанув,
node/299298239,Paczków,Пачкув,Пачкув,
node/598907093,Pajęczno,Паенчно,Паєнчно,
node/560596434,Pakość,Пакость,Пакосць,
node/1854830180,Parczew,Парчев,Парчів,
node/31531087,Pasłęk,Пасленк,Пасленк,
node/1784889349,Pasym,Пасым,Пасим,
node/31584625,Pełczyce,Пелчице,Пелчице,
node/31531080,Pelplin,Пельплин,Пельплін,
node/28396171,Piaseczno,Пясечно,П'ясечно,
node/1854937024,Piaski,Пяски,П'яскі,
node/38224299,Piastów,Пястув,П'ястув,
node/30093005,Piątek,Пёнтек,Пйонтек,
node/598617974,Piechowice,Пеховице,Пеховіце,
node/253552911,Piekary Śląskie,Пекары-Слёнске,Пекари-Шльонські,
node/31521665,Pieniężno,Пененжно,Пенєнжно,
node/31792043,Pieńsk,Пеньск,П'єнськ,
node/31889148,Pierzchnica,Пежхница,П'єжхніца,
node/692626234,Pieszyce,Пешице,Пешице,
node/253534746,Piła,Пила,Піла,
node/31868767,Pilawa,Пилява,Пілава,
node/692626237,Piława Górna,Пилава-Гурна,Пілава-Ґурна,
node/358980632,Pilica,Пилица,Пілиця (Сілезьке воєводство),
node/1854937027,Pilzno,Пильзно,Пільзно,
node/31889135,Pińczów,Пиньчув,Пінчув,
node/368033796,Pionki,Пёнки,Пйонкі,
node/692623471,Piotrków Kujawski,Пётркув-Куявский,Пйотркув-Куявський,
node/769235431,Piotrków Trybunalski,Пётркув-Трыбунальски,Пйотркув-Трибунальський,
node/31572956,Pisz,Пиш,Піш,
node/692609604,Piwniczna-Zdrój,Пивнична-Здруй,Північна-Здруй,
node/31791744,Pleszew,Плешев,Плешев,
node/1751621527,Płock,Плоцк,Плоцьк,
node/31601272,Płońsk,Плоньск,Плонськ,
node/1758659865,Płoty,Плоты,Плоти,
node/254854488,Pniewy,Пневы,Пн'єви,
node/31615002,Pobiedziska,Победзиска,Поб'єджіска,
node/31791659,Poddębice,Поддембице,Поддембіце,
node/31689600,Podkowa Leśna,Подкова-Лесьна,Подкова-Лісна,
node/31791553,Pogorzela,Погожеля,Погожеля,
node/31916867,Polanica-Zdrój,Поляница-Здруй,Поланиця-Здруй,
node/31889018,Połaniec,Поланец,Поланець,
node/31346037,Polanów,Полянув,Поланув,
node/1758659758,Połczyn-Zdrój,Полчин-Здруй,Полчин-Здруй,
node/474593784,Police,Полице,Поліце,
node/598619294,Polkowice,Польковице,Польковіце,
node/31868251,Poniatowa,Понятова,Пон'ятова,
node/31791224,Poniec,Понец,Понець,
node/2016782381,Poręba,Поремба,Поремба,
node/27161819,Poznań,Познань,Познань,
node/31530997,Prabuty,Прабуты,Прабути,
node/31790981,Praszka,Прашка,Прашка,
node/31790914,Prochowice,Проховице,Проховіце,
node/692611646,Prószków,Прушкув,Прушкув,
node/31888928,Proszowice,Прошовице,Прошовіце,
node/366341106,Pruchnik,Прухник,Прухнік,
node/568037771,Prudnik,Прудник,Прудник,
node/31790865,Prusice,Прусице,Прушіце,
node/1867758190,Pruszcz,Прущ,Прущ,
node/31530985,Pruszcz Gdański,Прущ-Гданьский,Прущ-Ґданський,
node/31689160,Pruszków,Прушкув,Прушкув,
node/279654853,Przasnysz,Пшасныш,Пшасниш,
node/1933057260,Przecław,Пшецлав,Пшеслав,
node/1854937038,Przedbórz,Пшедбуж,Пшедбуж,
node/31614227,Przedecz,Пшедеч,Пшедеч,
node/31790682,Przemków,Пшемкув,Пшемкув,
node/253546793,Przemyśl,Пшемышль,Перемишль,
node/31888900,Przeworsk,Пшеворск,,
node/1854937043,Przysucha,Пшисуха,Пшисуха,
node/31935150,Pszczyna,Пщина,Пщина,
node/361603782,Pszów,Пшув,Пшув,
node/31530962,Puck,Пуцк,Пуцьк,
node/362654902,Puławy,Пулавы,Пулави,
node/31600109,Pułtusk,Пултуск,Пултуськ,
node/31613303,Puszczykowo,Пущиково,Пущиково,
node/31583670,Pyrzyce,Пыжице,Пижице,
node/257059199,Pyskowice,Пысковице,Писковіце,
node/31613250,Pyzdry,Пыздры,Пиздри,
node/262936634,Rabka-Zdrój,Рабка-Здруй,Рабка-Здруй,
node/279651644,Raciąż,Рачёнж,Рачйонж,
node/2175018340,Racibórz,Ратибор,Ратибор,
node/321406755,Radków,Радкув,Радкув,
node/376065763,Radlin,Радлин,Радлін,
node/1933057313,Radłów,Радлув (город),Радлув,
node/31867745,Radom,Радом,Радом,
node/31879607,Radomsko,Радомско,Радомсько,
node/1854937053,Radomyśl Wielki,Радомышль-Вельки,Радомишль-Велькі,
node/31867712,Radoszyce,Радошице,Радошице,
node/503945899,Radymno,Радимно,Радимно,
node/1854937069,Radziejów,Радзеюв,Радзеюв,
node/420622210,Radzionków,Радзёнкув,Радзьонкув,
node/348945767,Radzymin,Радзымин,Радзимін,
node/1854937074,Radzyń Chełmiński,Радзынь-Хелминьски,Радзинь-Хелмінський,
node/1854937081,Radzyń Podlaski,Радзынь-Подляски,Радзинь-Подляскі,
node/31520940,Rajgród,Райгруд,Райгруд,
node/387434271,Rakoniewice,Раконевице,Раконевіце,
node/31789998,Raszków,Рашкув,Рашків,
node/31867531,Rawa Mazowiecka,Рава-Мазовецкая,,
node/31789963,Rawicz,Равич,,
node/31583522,Recz,Реч,Реч,
node/31530935,Reda,Реда,,
node/1859515654,Rejowiec,Рейовец,Рейовець,
node/371949660,Rejowiec Fabryczny,Реёвец-Фабрычны,Рейовець-Фабричний,
node/1758659987,Resko,Реско,,
node/31520444,Reszel,Решель,,
node/258335318,Rogoźno,Рогозьно,,
node/31888768,Ropczyce,Ропчице,,
node/31599429,Różan,Ружан,,
node/692617894,Ruciane-Nida,Ручане-Нида,,
node/31917353,Ruda Śląska,Руда-Слёнская,Руда-Шльонська,
node/371977916,Rudnik nad Sanem,Рудник-над-Санем,,
node/31530889,Rumia,Румя,,
node/253525668,Rybnik,Рыбник,Рибник,
node/31611826,Rychwał,Рыхвал,,
node/331033947,Rydułtowy,Рыдултовы,Ридултови,
node/1297152960,Rydzyna,Рыдзына,,
node/1933108183,Ryglice,Рыглице,Ригліце,
node/362659264,Ryki,Рыки,Рикі,
node/692613997,Rymanów,Руманув,Риманів,
node/31519527,Ryn,Рын,,
node/31583089,Rypin,Рыпин,,
node/31611779,Rzepin,Жепин,,
node/34662230,Rzeszów,Жешув,Ряшів,
node/31879510,Rzgów,Жгув,,
node/31888577,Sandomierz,Сандомир,Сандомир,
node/31705619,Sanniki,Санники,,
node/39392569,Sanok,Санок,Сянік,
node/31788771,Ścinawa,Сцинава,,
node/31888566,Sędziszów,Сендзишув,Сендзішув,
node/31888565,Sędziszów Małopolski,Сендзишув-Малопольски,,
node/31519394,Sejny,Сейны,,
node/31582868,Sępólno Krajeńskie,Семпульно-Краеньске,,
node/31519392,Sępopol,Семпополь,,
node/31598985,Serock,Сероцк,,
node/1775164040,Sianów,Сянув,,
node/31788581,Siechnice,Сехнице,,
node/1854937117,Siedlce,Седлец,Седльце,
node/368746637,Siedliszcze,Седлище,Седлище,
node/31900531,Siemianowice Śląskie,Семяновице-Слёнске,Семяновіце-Шльонські,
node/1838681689,Siemiatycze,Семятыче,,
node/514080074,Sieniawa,Сенява,,
node/31788344,Sieradz,Серадз,,
node/281706190,Sieraków,Серакув,Серакув,
node/478404294,Sierpc,Серпц,,
node/31900526,Siewierz,Севеж,,
node/243643364,Skała,Скала,Скала,
node/31888513,Skalbmierz,Скальбмеж,,
node/24617077,Skarszewy,Скаршевы,,
node/1854937143,Skaryszew,Скарышев,,
node/31174958,Skarżysko-Kamienna,Скаржиско-Каменна,Скаржисько-Каменна,
node/262894107,Skawina,Скавина,Скавіна,
node/478405286,Skępe,Скемпе,Скемпе,
node/31866436,Skierniewice,Скерневице,,
node/367648247,Skoczów,Скочув,,
node/244002107,Skoki,Скоки,,
node/31530734,Skórcz,Скурч,,
node/268767105,Skwierzyna,Сквежина,Сквежина,
node/692604250,Sława,Слава,Слава,
node/1854937193,Sławków,Славкув,Славкув,
node/31345800,Sławno,Славно,,
node/31610852,Ślesin,Слесин,,
node/31888437,Słomniki,Сломники,Сломники,
node/26433240,Słubice,Слубице,Слубіце,
node/418747816,Słupca,Слупца,,
node/31345720,Słupsk,Слупск,Слупськ,
node/31610588,Śmigiel,Смигель,,
node/349011984,Sobótka,Собутка,,
node/31687374,Sochaczew,Сохачев,,
node/31598264,Sochocin,Сохочин,Сохочин,
node/31571660,Sokółka,Сокулка,,
node/31888374,Sokołów Małopolski,Соколув-Малопольски,,
node/1854937157,Sokołów Podlaski,Соколув-Подляски,Соколув-Підляський,
node/31582108,Solec Kujawski,Солец-Куявски,,
node/1905986317,Solec nad Wisłą,Солец-над-Вислой,,
node/31610211,Sompolno,Сомпольно,,
node/31530688,Sopot,Сопот,Сопот,
node/31917182,Sośnicowice,Сосницовице,,
node/190817334,Sosnowiec,Сосновец,Сосновець,
node/31610025,Śrem,Сьрем,Сьрем,
node/1770680189,Środa Śląska,Сьрода-Слёнска,,
node/2668860745,Środa Wielkopolska,Сьрода-Велькопольска,,
node/1854937161,Stalowa Wola,Сталёва-Воля,,
node/31865852,Stąporków,Стомпоркув,Стомпоркув,
node/253554130,Starachowice,Стараховице,Стараховіце,
node/1758660003,Stargard,Старгард,Старгард,
node/26378871,Starogard Gdański,Старогард-Гданьский,,
node/31949310,Stary Sącz,Стары-Сонч,,
node/31888252,Staszów,Сташув,,
node/31571553,Stawiski,Стависки,,
node/31786974,Stawiszyn,Ставишин,,
node/282235530,Stepnica,Степница,,
node/31609600,Stęszew,Стеншев,,
node/359810975,Stoczek Łukowski,Сточек-Луковский,Сточек-Луковський,
node/31888190,Stopnica,Стопница,,
node/31916992,Stronie Śląskie,Строне-Слёнске,Строне-Шльонські,
node/31934725,Strumień,Струмень,,
node/287105545,Stryków,Стрыкув,Стрикув,
node/31916989,Strzegom,Стшегом,,
node/2668896331,Strzelce Krajeńskie,Стшельце-Краеньске,,
node/31916985,Strzelce Opolskie,Стшельце-Опольске,Стшельце-Опольські,
node/31916983,Strzelin,Стшелин,,
node/322116790,Strzelno,Стшельно,Стшельно,
node/31948552,Strzyżów,Стшижув,Стрижів,
node/36489697,Sucha Beskidzka,Суха-Бескидзка,Суха-Бескидзька,
node/393975496,Suchań,Сухань,Сухань,
node/31865372,Suchedniów,Сухеднюв,Сухеднюв,
node/31571332,Suchowola,Суховоля,,
node/31609289,Sulechów,Сулехув,Сулехув,
node/31609265,Sulęcin,Суленцин,Суленцин,
node/31879358,Sulejów,Сулеюв,,
node/4386350304,Sulejówek,Сулеювек,,
node/256355426,Sułkowice,Сулковице,,
node/3027588862,Sulmierzyce,Сульмежице,,
node/31571305,Supraśl,Супрасль,,
node/31597850,Suraż,Сураж,Сураж,
node/31530596,Susz,Суш,,
node/31518965,Suwałki,Сувалки,Сувалки,
node/146951480,Swarzędz,Сважендз,Сважендз,
node/281792787,Świątniki Górne,Свёнтники-Гурне,,
node/31916945,Świdnica,Свидница,Свідниця,
node/1854937268,Świdnik,Свидник,,
node/1758660000,Świdwin,Свидвин,,
node/31916943,Świebodzice,Свебодзице,,
node/31609130,Świebodzin,Свебодзин,,
node/31580747,Świecie,Свеце,,
node/31916940,Świeradów-Zdrój,Сверадув-Здруй,,
node/31786495,Świerzawa,Свежава,,
node/31916888,Świętochłowice,Свентохловице,Свентохловіце,
node/253349866,Świnoujście,Свиноуйсьце,,
node/31786438,Syców,Сыцув,,
node/31786432,Szadek,Шадек,,
node/31580602,Szamocin,Шамоцин,Шамоцин,
node/256126473,Szamotuły,Шамотулы,,
node/31947405,Szczawnica,Щавница,Щавниця,
node/1770680174,Szczawno-Zdrój,Щавно-Здруй,Щавно-Здруй,
node/371949255,Szczebrzeszyn,Щебжешин,,
node/26553042,Szczecin,Щецин,Щецин,
node/31345520,Szczecinek,Щецинек,,
node/31900343,Szczekociny,Щекоцины,,
node/1933057428,Szczucin,Щуцин,Щуцин,
node/1853317869,Szczuczyn,Щучин,,
node/280832769,Szczyrk,Щирк,,
node/349994450,Szczytna,Щитна,Щитна,
node/31570998,Szczytno,Щитно,,
node/31597681,Szepietowo,Шепетово,,
node/31916864,Szklarska Poręba,Шклярска-Поремба,Шклярська Поремба,
node/31786128,Szlichtyngowa,Шлихтынгова,,
node/1758660002,Szprotawa,Шпротава,Шпротава,
node/31530432,Sztum,Штум,,
node/31580465,Szubin,Шубин,,
node/31887958,Szydłów,Шидлув,,
node/1854937186,Szydłowiec,Шидловец,Шидловець,
node/31865115,Tarczyn,Тарчин,,
node/31887921,Tarnobrzeg,Тарнобжег,Тарнобжег,
node/1854937200,Tarnogród,Тарногруд,Тарногород,
node/34811728,Tarnów,Тарнув,Тарнув,
node/29072095,Tarnowskie Góry,Тарновске-Гуры,Тарновські Гури,
node/30116761,Tczew,Тчев,Тчев,
node/1854937205,Terespol,Тересполь,Тереспіль,
node/1854937210,Tłuszcz,Тлущ (Воломинский повят),Тлущ (Воломінський повіт),
node/31530302,Tolkmicko,Толькмицко,,
node/1837516733,Tomaszów Lubelski,Томашув-Любельски,,
node/31865024,Tomaszów Mazowiecki,Томашув-Мазовецкий,Томашув-Мазовецький,
node/1697487051,Toruń,Торунь,Торунь,
node/31607924,Torzym,Тожим,Тожим,
node/31916764,Toszek,Тошек,,
node/31580123,Trzcianka,Тшчанка,,
node/31607802,Trzciel,Тшцель,Тшч'єль,
node/1758659777,Trzcińsko-Zdrój,Тшциньско-Здруй,Тшцінсько-Здруй,
node/31345491,Trzebiatów,Тшебятув,Тшебятув,
node/31900257,Trzebinia,Тшебиня,Тшебіня,
node/31785395,Trzebnica,Тшебница,Тшебніца,
node/560596229,Trzemeszno,Тшемешно,Тшемешно,
node/30301919,Tuchola,Тухоля,Тухоля,
node/31945638,Tuchów,Тухув,Тухув,
node/31579829,Tuczno,Тучно,Тучно,
node/31607621,Tuliszków,Тулишкув,Тулішкув,
node/615947999,Tułowice,Туловице,Туловіце,
node/31607601,Turek,Турек,Турек,
node/31879166,Tuszyn,Тушин,Тушин,
node/31785238,Twardogóra,Твардогура,,
node/31345466,Tychowo,Тыхово,Тихово,
node/1751621551,Tychy,Тыхы,Тихи,
node/31945412,Tyczyn,Тычин,Тичин,
node/31570835,Tykocin,Тыкоцин,Тикоцін,
node/371949745,Tyszowce,Тышовце,Тишовце,
node/259429317,Ujazd,Уязд,Уязд,
node/258335461,Ujście,Уйсце,Уйсьце,
node/371978034,Ulanów,Улянув,Улянув,
node/31785097,Uniejów,Унеюв,Унєюв,
node/371949259,Urzędów,Ужендув,Ужендув,
node/31345455,Ustka,Устка,Устка,
node/31934395,Ustroń,Устронь,Устронь,
node/2498740002,Ustrzyki Dolne,Устшики-Дольне,Устрики Долішні,
node/31579742,Wąbrzeźno,Вомбжезьно,Вомбжезьно,
node/31864785,Wąchock,Вонхоцк,Вонхоцьк,
node/256355278,Wadowice,Вадовице,Вадовіце,
node/32672696,Wągrowiec,Вонгровец,Вонгровець,
node/31916711,Wałbrzych,Валбжих,Валбжих,
node/31579732,Wałcz,Валч,Валч,
node/368033581,Warka,Варка,Варка,
node/428339515,Warszawa,Варшава,Варшава,
node/1854937215,Warta,Варта,Варта,
node/31570758,Wasilków,Василькув,Васильків,
node/692632451,Wąsosz,Вонсош,Вонсош,
node/31784858,Węgliniec,Венглинец,Венглінець,
node/31518767,Węgorzewo,Венгожево,Венгожево,
node/1758660005,Węgorzyno,Венгожино,Венгожино,
node/349176196,Węgrów,Венгрув,,
node/31529945,Wejherowo,Вейхерово,Вейгерово,
node/31916687,Wiązów,Вёнзув,,
node/6211127385,Więcbork,Венцборк,,
node/31570578,Wielbark,Вельбарк,,
node/1843182788,Wieleń,Велень,,
node/31606757,Wielichowo,Велихово,,
node/31943878,Wieliczka,Величка,,
node/419734829,Wieluń,Велюнь,Велюнь,
node/31783882,Wieruszów,Верушув,,
node/692604471,Wilamowice,Вилямовице,Вілямовіце,
node/31684813,Wiskitki,Вискитки,,
node/484216106,Wisła,Висла,Вісла,
node/31887175,Wiślica,Вислица,,
node/2668885838,Witkowo,Витково,,
node/296099605,Witnica,Витница,Вітниця,
node/30980103,Władysławowo,Владыславово,,
node/31783414,Wleń,Влень,,
node/1751621506,Włocławek,Влоцлавек,Влоцлавек,
node/360217931,Włodawa,Влодава,Володава,
node/1145837529,Włoszczowa,Влощова,Влощова,
node/31886965,Wodzisław,Водзислав,,
node/253555505,Wodzisław Śląski,Водзислав-Слёнски,Водзіслав-Шльонський,
node/1770680185,Wojcieszów,Войцешув,Войцешув,
node/692610711,Wojkowice,Войковице,Войковіце,
node/31943251,Wojnicz,Войнич,Войніч,
node/31878876,Wolbórz,Вольбуж,Вольбуж,
node/243643366,Wolbrom,Вольбром,Вольбром,
node/31783100,Wołczyn,Волчин,Волчин,
node/27272586,Wolin,Волин,Волін,
node/1854937229,Wołomin,Воломин,Воломін,
node/31783058,Wołów,Волув,Волув,
node/31605726,Wolsztyn,Вольштын,Вольштин,
node/692611406,Woźniki,Возники,Возьники,
node/418392093,Wrocław,Вроцлав,Вроцлав,
node/254765465,Wronki,Вронки,Вронкі,
node/243991288,Września,Вжесня,Вжесьня,
node/31782947,Wschowa,Всхова,Всхова,
node/31578888,Wyrzysk,Выжиск,Вижиск,
node/1854937233,Wyśmierzyce,Высмежице,,
node/31578872,Wysoka,Высока,Висока,
node/31595527,Wysokie Mazowieckie,Высоке-Мазовецке,,
node/31595515,Wyszków,Вышкув,Вишкув,
node/31684098,Wyszogród,Вышогруд,Вишогруд,
node/31684083,Ząbki,Зомбки,Зомбкі,
node/1770680176,Ząbkowice Śląskie,Зомбковице-Слёнске,Зомбковіце-Шльонське,
node/31569814,Zabłudów,Заблудув,Заблудув,
node/260456352,Żabno,Жабно,Жабно,
node/31916531,Zabrze,Забже,Забже,
node/31782520,Żagań,Жагань,Жагань,
node/31605477,Zagórów,Загурув,,
node/31941266,Zagórz,Загуж,Загір'я,
node/31941066,Zakliczyn,Закличин,Заклічин,
node/1843715296,Zaklików,Закликув,Заклікув,
node/1854937237,Zakopane,Закопане,Закопане,
node/31684011,Zakroczym,Закрочим,Закрочим,
node/31529169,Zalewo,Залево,Залево,
node/31595319,Zambrów,Замбрув,Замбрув,
node/253548556,Zamość,Замосць,Замостя,
node/31899829,Żarki,Жарки,Жаркі,
node/2300849551,Żarów,Жарув,Жарув,
node/31782197,Żary,Жары,Жари,
node/333579015,Zator,Затор,Затор,
node/259416653,Zawadzkie,Завадзке,Завадзьке,
node/1860306932,Zawichost,Завихост,Завіхост,
node/31782078,Zawidów,Завидув,Завідув,
node/31899799,Zawiercie,Заверце,Заверце,
node/31605386,Zbąszyń,Збоншинь,Збоншинь,
node/31605385,Zbąszynek,Збоншинек,Збоншинек,
node/31782060,Zduńska Wola,Здуньская-Воля,Здунська Воля,
node/560519308,Zduny,Здуны,Здуни,
node/31916385,Zdzieszowice,Здзешовице,Здз'єховіце,
node/362658109,Żelechów,Желехув,Желехув,
node/31878440,Zelów,Зелюв,Зелув,
node/1996739000,Żerków,Жеркув,Жеркув,
node/30092865,Zgierz,Згеж,Згеж,
node/31782018,Zgorzelec,Згожелец,Згожелець,
node/1770680187,Ziębice,Зембице,Зембіце,
node/26553051,Zielona Góra,Зелёна-Гура,Зелена Гура,
node/1854937257,Zielonka,Зелёнка,Зельонка,
node/1758659810,Złocieniec,Злоценец,Злоценець,
node/31781976,Złoczew,Злочев,Злочев,
node/1770680177,Złotoryja,Злоторыя,Злотория,
node/31578422,Złotów,Злотув,Злотув,
node/31916268,Złoty Stok,Злоты-Сток,Злоти Сток,
node/31781941,Żmigród,Жмигруд,Жміґруд,
node/57508652,Żnin,Жнин,Жнін,
node/1243678001,Żory,Жоры,Жори,
node/1775164043,Żukowo,Жуково,Жуково,
node/31578212,Żuromin,Журомин,Журомін,
node/277724666,Zwierzyniec,Звежинец,Зв'єжинець,
node/368033689,Zwoleń,Зволень,Зволень,
node/31703294,Żychlin,Жихлин,Жихлін,
node/279242630,Żyrardów,Жирардув,Жирардув,
node/280833551,Żywiec,Живец,Живець,
