id,place,name,name:ru,name:uk,uwagi
node/598899114,town,Aleksandrów Kujawski,Александрув-Куявский,Олександрів Куявський,
node/31881622,town,Aleksandrów Łódzki,Александрув-Лодзинский,Олександрів Лодзкі,
node/31903013,town,Alwernia,Альверня,Альверня,
node/271748533,town,Andrychów,Андрыхув,Андрихув,
node/371978037,town,Annopol,Аннополь,Аннополь,
node/1755364645,town,Augustów,Августов,Августів,
node/31628010,town,Babimost,Бабимост,Бабімост,
node/602101718,town,Baborów,Баборув,Баборув,
node/31899479,town,Baranów Sandomierski,Баранув-Сандомерский,Баранів Сандомєжський,
node/598905046,town,Barcin,Барцин,Барцін,
node/31527705,town,Barczewo,Барчево,Барчево,
node/299298256,town,Bardo,Бардо,Бардо,
node/126123967,town,Barlinek,Барлинек,Барлінек,
node/31527468,town,Bartoszyce,Бартошице,Бартошице,
node/1758659806,town,Barwice,Барвице,Барвіце,
node/31902942,town,Będzin,Бендзин,Бендзин,
node/1758913960,town,Bełchatów,Белхатув,Белхатув,
node/31878133,town,Bełżyce,Белжице,Белжице,
node/596446095,town,Biała,Бяла,Бяла,
node/31578082,town,Biała Piska,Бяла-Писка,Бяла Піска,
node/31702832,city,Biała Podlaska,Бяла-Подляска,Біла Підляська,
node/31878124,town,Biała Rawska,Бяла-Равска,Біла Равська,
node/368033785,town,Białobrzegi,Бялобжеги,Бялобжегі,
node/31347663,town,Białogard,Бялогард,Білогард,
node/31347652,town,Biały Bór,Бялы-Бур,Білава,
node/60038888,city,Białystok,Белосток,Білосток,
node/1763537474,town,Biecz,Беч,Беч,
node/613084173,town,Bielawa,Белява,Белява,
node/265615741,town,Bielsk Podlaski,Бельск-Подляски,Більськ Підляський,
node/253523175,city,Bielsko-Biała,Бельско-Бяла,Бельсько-Бяла,
node/31902885,town,Bieruń,Берунь,Берунь,
node/31811432,town,Bierutów,Берутув,Берутув,
node/283931972,town,Bieżuń,Бежунь,Бежунь,
node/371948750,town,Biłgoraj,Билгорай,Білгорай,
node/31526938,town,Biskupiec,Бискупец,Біскупець,
node/31526315,town,Bisztynek,Биштынек,Біштинек,
node/597719872,town,Blachownia,Бляховня,Бляховня,
node/31811278,town,Błaszki,Блашки,Блашкі,
node/566488640,town,Błażowa,Блажова,Блажова,
node/31702473,town,Błonie,Блоне,Блоне,
node/1758659795,town,Bobolice,Боболице,Боболіце,
node/1854936771,town,Bobowa,Бобова,Бобова,
node/248045354,town,Bochnia,Бохня,Бохня,
node/31899213,town,Bodzentyn,Бодзентын,Бодзентин,
node/190630506,town,Bogatynia,Богатыня,Богатиня,
node/1854936780,town,Boguchwała,Богухвала,Богухвала,
node/1770680178,town,Boguszów-Gorce,Богушув-Горце,Богушув-Горце,
node/31810993,town,Bojanowo,Бояново,Бояново,
node/2175222542,town,Bolesławiec,Болеславец,Болеславець,
node/292137678,town,Bolimów,Болимув,Болімув,
node/268947528,town,Bolków,Болькув,Болькув,
node/31810856,town,Borek Wielkopolski,Борек-Велькопольский,Борек-Велькопольский,
node/31580922,town,Borne Sulinowo,Борне-Сулиново,Борне-Суліново,
node/1838553920,town,Braniewo,Бранево,Бранево,
node/599266728,town,Brańsk,Браньск,Браньськ,
node/82782266,town,Brodnica,Бродница,Бродніца,
node/602099835,town,Brok,Брок,Брок,
node/31532482,town,Brusy,Брусы,Бруси,
node/31701866,town,Brwinów,Брвинув,Брвінув,
node/394581481,town,Brzeg,Бжег,Бжеґ (місто),
node/31810259,town,Brzeg Dolny,Бжег-Дольны,Бжег-Дольний,
node/598898210,town,Brześć Kujawski,Бжесьц Куявськи,Бжесьць Куявський,
node/268608330,town,Brzesko,Бжеско,Бжеско,
node/1854936792,town,Brzeszcze,Бжеще,Бжеще,
node/60121372,town,Brzeziny,Бжезины,Бжезіни,
node/38403574,town,Brzostek,Бжостек,Бжостек,
node/1848786444,town,Brzozów,Бжозув,Березів,
node/258335358,town,Budzyń,Будзинь,Будзинь,
node/31626656,town,Buk,Бук,Бук,
node/31902615,town,Bukowno,Буковно,Буковно,
node/31898571,town,Busko-Zdrój,Буско-Здруй,Буско Здруй,
node/371949192,town,Bychawa,Быхава,Бихава,
node/31809727,town,Byczyna,Бычина,Бичина,
node/31337673,city,Bydgoszcz,Быдгощ,Бидґощ,
node/282215860,town,Bystrzyca Kłodzka,Быстшица-Клодзка,Бистшиця-Клодзька,
node/171379806,city,Bytom,Бытом,Битом,
node/31809716,town,Bytom Odrzański,Бытом-Оджаньский,Битом Оджаньські,
node/1775164003,town,Bytów,Бытув,Битув,
node/290681189,town,Cedynia,Цединя,Цединя,
node/1854936819,town,Cegłów,Цеглув,Цеґлув,
node/339828805,town,Chęciny,Хенцины,Хенціни,
node/253543591,city,Chełm,Хелм,Холм,
node/692604365,town,Chełmek,Хелмек,Хелмек,
node/31592442,town,Chełmno,Хелмно,Хелмно,
node/31592428,town,Chełmża,Хелмжа,Хелмжа,
node/1854936827,town,Chmielnik,Хмельник,Хмельник,
node/31809141,town,Chocianów,Хоцянув,Хоцянув,
node/31592354,town,Chociwel,Хоцивель,Хоцивель,
node/31809028,town,Chocz,Хоч,Хоч,
node/31710448,town,Chodecz,Ходеч,Ходеч,
node/258335409,town,Chodzież,Ходзеж,Ходзеж,
node/256330580,town,Chojna,Хойна,Хойна,
node/26432853,town,Chojnice,Хойнице,Хойніце,
node/31808857,town,Chojnów,Хойнув,Хойнув,
node/31577715,town,Choroszcz,Хорощ,Хорощ,
node/31577714,town,Chorzele,Хожеле,Хожеле,
node/29573582,city,Chorzów,Хожув,Хожув,
node/31592326,town,Choszczno,Хощно,Хощно,
node/31902474,town,Chrzanów,Хшанув,Хшанув,
node/52831102,town,Ciechanów,Цеханув,Цеханув,
node/1818704253,town,Ciechanowiec,Цехановец,Цехановец,
node/598900398,town,Ciechocinek,Цехоцинек,Цехоцінек,
node/31897853,town,Cieszanów,Цешанув,Цешанув,
node/327364412,town,Cieszyn,Цешин,Цешин,
node/1855033871,town,Ciężkowice,Ченжковице,Ценжковіце,
node/31897710,town,Ćmielów,Чмелюв,Чмелюв,
node/31626050,town,Cybinka,Цыбинка,Цибінка,
node/1758660004,town,Czaplinek,Чаплинек,Чаплінек,
node/31577634,town,Czarna Białostocka,Чарна-Белостоцка,Чарна Бялостоцка,
node/31532349,town,Czarna Woda,Чарна-Вода,Чарна Вода,
node/31347464,town,Czarne,Чарне,Чарне,
node/252871016,town,Czarnków,Чарнкув,Чарнкув,
node/685489014,town,Czchów,Чхув,Чхув,
node/1855033873,town,Czechowice-Dziedzice,Чеховице-Дзедзице,Чеховіце Дзедзіце,
node/31902399,town,Czeladź,Челядзь,Челядзь,
node/31625975,town,Czempiń,Чемпинь,Чемпінь,
node/31625942,town,Czerniejewo,Чернеево,Чернеєво,
node/31532334,town,Czersk,Черск,Черск,
node/692603548,town,Czerwieńsk,Червенск,Червеньск,
node/31700401,town,Czerwińsk nad Wisłą,Червинск на реке Висла,Червіньск на річці Вісла,
node/692604910,town,Czerwionka-Leszczyny,Червёнка-Лещины,Червйонка-Лещини,
node/31902385,city,Częstochowa,Ченстохова,Ченстохова,
node/31591862,town,Człopa,Члопа,Члопа,
node/30301803,town,Człuchów,Члухув,Члухув,
node/31598114,town,Czyżew,Чижев,Чижев,
node/31625880,town,Dąbie,Домбе,Домбе,
node/1755364655,town,Dąbrowa Białostocka,Домброва-Белостоцкая,Домброва Білостоцька,
node/1507719599,city,Dąbrowa Górnicza,Домброва-Гурнича,Домброва Гурніча,
node/31896633,town,Dąbrowa Tarnowska,Домброва-Тарновска,Домброва Тарновська,
node/31896315,town,Daleszyce,Далешице,Далешице,
node/31347434,town,Darłowo,Дарлово,Дарлово,
node/31895072,town,Dębica,Дембица,Дембиця,
node/1854936845,town,Dęblin,Демблин,Демблін,
node/393952241,town,Dębno,Дембно,Дембно,
node/31591564,town,Debrzno,Дебжно,Дебжно,
node/508068396,town,Dobczyce,Добчице,Добчице,
node/257422860,town,Dobiegniew,Добегнев,Добегнев,
node/529115993,town,Dobra,Добра,Добра,
node/1758659807,town,Dobra,Добра,Добра,
node/31525100,town,Dobre Miasto,Добре Място,Добре Місто,
node/570758201,town,Dobrodzień,Добродзень,Добродзень,
node/1758659854,town,Dobrzany,Добжаны,Добжани,
node/692632647,town,Dobrzyca,Добжица,Добжица,
node/1867069606,town,Dobrzyń nad Wisłą,Добжинь на реке Висла,Добжинь на річці Вісла,
node/268225193,town,Dolsk,Дольск,Дольск,
node/31591344,town,Drawno,Дравно,Дравно,
node/1758659809,town,Drawsko Pomorskie,Дравско-Поморске,Дравско Поморске,
node/477361544,town,Drezdenko,Дрезденко,Дрезденко,
node/500751187,town,Drobin,Дробин,Дробін,
node/1855026515,town,Drohiczyn,Дрохичин,Дрохічин,
node/105491400,town,Drzewica,Джевица,Джевиця,
node/692614019,town,Dubiecko,Дубецко,Дубецко,
node/40641710,town,Dukla,Дукля,Дукля,
node/349987517,town,Duszniki-Zdrój,Душники-Здруй,Душники Здруй,
node/506203648,town,Dynów,Дынув,Динув,
node/31577347,town,Działdowo,Дзялдово,Дзялдово,
node/31895302,town,Działoszyce,Дзялошице,Дзялошице,
node/31806052,town,Działoszyn,Дзялошин,Дзялошин,
node/31532261,town,Dzierzgoń,Дзежгонь,Дзежгонь,
node/295814305,town,Dzierżoniów,Дзержонюв,Дзержонюв,
node/255755745,town,Dziwnów,Дзивнув,Дзивнув,
node/31532258,city,Elbląg,Эльблонг,Ельблонг,
node/253553350,town,Ełk,Элк,Елк,
node/1854936850,town,Frampol,Фрамполь,Фрамполь,
node/31532247,town,Frombork,Фромборк,Фромборк,
node/31709942,town,Gąbin,Гомбин,Гомбин,
node/1855026517,town,Garwolin,Гарволин,Гарволін,
node/26432122,city,Gdańsk,Гданьск,Гданськ,
node/26432430,city,Gdynia,Гдыня,Гдиня,
node/31524789,town,Giżycko,Гижицко,Гіжицько,
node/1854936856,town,Glinojeck,Глиноецк,Гліноєцьк,
node/28900665,city,Gliwice,Гливице,Глівіце,
node/1758659813,town,Głogów,Глогув,Ґлоґув,
node/31894993,town,Głogów Małopolski,Глогув-Малопольский,Глогув-Малопольський,
node/568060456,town,Głogówek,Глогувек,Глогувек,
node/31880924,town,Głowno,Гловно,Гловно,
node/560469083,town,Głubczyce,Глубчице,Ґлубчице,
node/567145434,town,Głuchołazy,Глухолазы,Глухолази,
node/1770680193,town,Głuszyca,Глушица,Глушица,
node/31532215,town,Gniew,Гнев,Гнев,
node/598903372,town,Gniewkowo,Гневково,Гневково,
node/158801054,town,Gniezno,Гнезно,Гнезно,
node/560719867,town,Gogolin,Гоголин,Гоголін,
node/264534777,town,Gołańcz,Голаньч,Голаньч,
node/1758659853,town,Golczewo,Гольчево,Гольчево,
node/31524739,town,Gołdap,Голдап,Голдап,
node/1758659834,town,Goleniów,Голенюв,Голенюв,
node/31623989,town,Golina,Голина,Голіна,
node/31590395,town,Golub-Dobrzyń,Голюб-Добжинь,Голюб Добжинь,
node/31577128,town,Goniądz,Гонёндз,Гоньондз,
node/369598568,town,Góra,Гура,Ґура,
node/31876827,town,Góra Kalwaria,Гура-Кальвария,Ґура-Кальварія,
node/1859446993,town,Goraj,Горай,Ґорай,
node/1763537486,town,Gorlice,Горлице,Ґорліце,
node/31524682,town,Górowo Iławeckie,Гурово-Илавецке,Ґурово Ілавецьке,
node/31590318,town,Górzno,Гужно,Ґужно,
node/31803574,town,Gorzów Śląski,Гожув-Слёнский,Ґожув Шльонский,
node/357913636,city,Gorzów Wielkopolski,Гожув-Велькопольски,Ґожув-Велькопольський,
node/1758659852,town,Gościno,Госцино,Ґосьцино,
node/274790087,town,Gostyń,Гостынь,Ґостинь,
node/31709532,town,Gostynin,Гостынин,Ґостинін,
node/31803356,town,Gozdnica,Гоздница,Ґоздніца,
node/31803186,town,Grabów nad Prosną,Грабув-над-Просной,Ґрабув на річці Просні,
node/349239193,town,Grajewo,Граево,Ґраєво,
node/431023768,town,Grodków,Гродкув,Ґродкув,
node/31698397,town,Grodzisk Mazowiecki,Гродзиск-Мазовецкий,Ґродзіск Мазовецький,
node/31623501,town,Grodzisk Wielkopolski,Гродзиск-Велькопольский,Ґродзіск Велькопольський,
node/1854936860,town,Grójec,Груец,Ґруєць,
node/1697586141,city,Grudziądz,Грудзёндз,Ґрудзьондз,
node/692609203,town,Grybów,Грыбув,Грибів,
node/1758659838,town,Gryfice,Грыфице,Ґрифіце,
node/31590108,town,Gryfino,Грыфино,Ґрифіно,
node/1770680179,town,Gryfów Śląski,Грыфув-Слёнский,Ґрифув  Шльонский,
node/31802728,town,Gubin,Губин,Ґубін,
node/246690942,town,Hajnówka,Хайнувка,Хайнувка,
node/457485723,town,Halinów,Халинув,Халінув,
node/524124149,town,Hel,Хел,Хел,
node/31158635,town,Hrubieszów,Грубешов,Грубешів,
node/31589970,town,Iława,Илава,Ілава,
node/31802423,town,Iłowa,Илова,Ілова,
node/31876427,town,Iłża,Илжа,Ілжа,
node/31902084,town,Imielin,Имелин,Імелін,
node/229987043,town,Inowrocław,Иновроцлав,Іновроцлав,
node/1758659864,town,Ińsko,Иньско,Іньско,
node/31894302,town,Iwaniska,Іваниска,Іваніска,
node/635561654,town,Iwonicz-Zdrój,Ивоныч Здруй,Івонич Здруй,
node/1850625500,town,Izbica,Избица,Ізбица,
node/31623062,town,Izbica Kujawska,Избица-Куявска,Ізбиця Куявська,
node/1854936864,town,Jabłonowo Pomorskie,Яблоново Поморське,Яблоново Поморське,
node/692624480,town,Janikowo,Яниково,Яніково,
node/371949690,town,Janów Lubelski,Янув Любельский,Янув Любельський,
node/692612044,town,Janowiec Wielkopolski,Яновець Велькопольский,Яновець  Велькопольський,
node/31801786,town,Jaraczewo,Ярачево,Ярачево,
node/2904651941,town,Jarocin,Яроцын,Яроцин,
node/96021504,town,Jarosław,Ярослав,Ярослав,
node/274497581,town,Jasień,Ясень,Ясень,
node/1763537494,town,Jasło,Ясло,Ясло,
node/30981159,town,Jastarnia,Ястарня,Ястарня,
node/31589689,town,Jastrowie,Ястрове,Ястрове,
node/2154460153,city,Jastrzębie-Zdrój,Ястшембе-Здруй,Ястшембе-Здруй,
node/31801635,town,Jawor,Явор,Явор,
node/31901916,city,Jaworzno,Явожно,Явожно,
node/282370077,town,Jaworzyna Śląska,Явожина-Слёнска,Явожина Шльонська,
node/634167458,town,Jedlicze,Едличе,Єдліче,
node/1770680173,town,Jedlina-Zdrój,Едлина-Здруй,Єдліна Здруй,
node/368033804,town,Jedlnia-Letnisko,Едльня-Летниско,Єдльня Летніско,
node/31894002,town,Jędrzejów,Енджеув,Єнджеюв,
node/31576562,town,Jedwabne,Едвабне,Єдвабне,
node/31801528,town,Jelcz-Laskowice,Елч Ласковице,Єлч Ласковіце,
node/246693057,city,Jelenia Góra,Еленя-Гура,Єленя-Ґура,
node/31524183,town,Jeziorany,Езёраны,Єзьорани,
node/507043957,town,Jordanów,Йорданув,Йорданув,
node/31697213,town,Józefów,Юзефув,Юзефув,
node/1854936895,town,Józefów,Юзефув,Юзефув,
node/1863582667,town,Józefów nad Wisłą,Юзефув на реке Висла,Юзефув на річці Вісла,
node/31801144,town,Jutrosin,Ютросин,Ютросин,
node/31589386,town,Kaczory,Качоры,Качори,
node/498468557,town,Kalety,Калеты,Калети,
node/1697928657,city,Kalisz,Калишь,Каліш,
node/1758659855,town,Kalisz Pomorski,Калиш-Поморский,Каліш Поморський,
node/1854936901,town,Kałuszyn,Калушин,Калушин,
node/262894019,town,Kalwaria Zebrzydowska,Кальваря-Зебжидовская,Кальварія-Зебжидовська,
node/31589327,town,Kamień Krajeński,Камень-Краеньский,Камінь Краєньський,
node/27272766,town,Kamień Pomorski,Камень-Поморский,Камінь-Поморський,
node/1770680182,town,Kamieniec Ząbkowicki,Зомбковице-Слёнске,Зомбковіце-Шльонський,
node/370165392,town,Kamienna Góra,Каменна-Гура,Камінна Ґура,
node/31880716,town,Kamieńsk,Каменьск,Каменьск,
node/362656279,town,Kamionka,Камйонка,Камйонка,
node/514049775,town,Kańczuga,Канвчуга,Каньвчуга,
node/31696813,town,Karczew,Карчев,Карчев,
node/31622004,town,Kargowa,Каргова,Каргова,
node/1758659858,town,Karlino,Карлино,Карліно,
node/385563068,town,Karpacz,Карпач,Карпач,
node/24981918,town,Kartuzy,Картузы,Картузи,
node/31901874,city,Katowice,Катовице,Катовіце,
node/1770680184,town,Kąty Wrocławskie,Конты-Вроцлавске,Конти Вроцлавські,
node/31875542,town,Kazimierz Dolny,Казимеж-Дольны,Казімеж Дольний,
node/31893519,town,Kazimierza Wielka,Казимежа-Велька,Казімежа Велька,
node/600044435,town,Kcynia,Кцыня,Кциня,
node/253549223,town,Kędzierzyn-Koźle,Кендзежин-Козле,Кендзежин-Козьле,
node/31346981,town,Kępice,Кемпице,Кемпіце,
node/31795168,town,Kępno,Кемпно,Кемпно,
node/31523898,town,Kętrzyn,Кентшин,Кентшин,
node/271748535,town,Kęty,Кенты,Кенти,
node/2110720553,city,Kielce,Кельце,Кельце,
node/535404940,town,Kietrz,Кетш,Кетш,
node/31588983,town,Kisielice,Киселице,Кіселице,
node/563338229,town,Kłecko,Клецко,Клецко,
node/31621695,town,Kleczew,Клечев,Клечев,
node/464006425,town,Kleszczele,Клещеле,Клещеле,
node/31893353,town,Klimontów,Климонтув,Клімонтув,
node/3423852078,town,Kłobuck,Клобуцк,Клобуцьк,
node/1524210025,town,Kłodawa,Клодава,Клодава,
node/299292990,town,Kłodzko,Клодзко,Клодзко,
node/56022628,town,Kluczbork,Ключборк,Ключборк,
node/261839053,town,Knurów,Кнурув,Кнурув,
node/31576295,town,Knyszyn,Кнышин,Книшин,
node/638344968,town,Kobylin,Кобылин,Кобилін,
node/348945975,town,Kobyłka,Кобылка,Кобилка,
node/8900695828,town,Kock,Коцк,Коцк,
node/602499181,town,Kołaczyce,Колачице,Колачице,
node/31893273,town,Kolbuszowa,Кольбушова,Кольбушова,
node/31576064,town,Kolno,Кольно,Кольно,
node/529542296,town,Koło,Коло,Коло,
node/1523247400,town,Kołobrzeg,Колобжег,Колобжег,
node/596447807,town,Kolonowskie,Колёновске,Кольоновське,
node/31880566,town,Koluszki,Колушки,Колушкі,
node/31901742,town,Koniecpol,Конецполь,Конецполь,
node/253530808,city,Konin,Конин,Конін,
node/31874770,town,Końskie,Коньске,Конське,
node/31695669,town,Konstancin-Jeziorna,Констанцин-Езёрна (город),Констанцин Єзьорна,
node/31880561,town,Konstantynów Łódzki,Константынув-Лодзинский,Константинув Лодзиньський,
node/31892813,town,Koprzywnica,Копшивница,Копшивніца,
node/597656543,town,Korfantów,Корфантув,Корфантув,
node/31620966,town,Kórnik,Курник,Курнік,
node/31588523,town,Koronowo,Короново,Короново,
node/31523544,town,Korsze,Корше,Корше,
node/31620899,town,Kościan,Косьцян,Косьцян,
node/24974807,town,Kościerzyna,Косцежина,Косьцежина,
node/479425679,town,Kosów Lacki,Косув-Ляцки,Косув Ляцкий,
node/31620845,town,Kostrzyn,Костшин,Костшин,
node/293127233,town,Kostrzyn nad Odrą,Костшин-над-Одрой,Костшин на Одері,
node/31346920,city,Koszalin,Кошалин,Кошалін,
node/1894337188,town,Koszyce,Кошице,Кошице,
node/598897307,town,Kowal,Коваль,Коваль,
node/31588404,town,Kowalewo Pomorskie,Ковалево-Поморске,Ковалево Поморське,
node/418569492,town,Kowary,Ковары,Ковари,
node/528078976,town,Koziegłowy,Козегловы,Козеґлови (Сілезьке воєводство),
node/2066176707,town,Kozienice,Козенице,Козеніце,
node/560519383,town,Koźmin Wielkopolski,Козьмин Велькопольский,Козьмін Велькопольський,
node/1854936912,town,Koźminek,Козьминек,Козьмінек,
node/1758659811,town,Kożuchów,Кожухув,Кожухув,
node/31588276,town,Krajenka,Краенка,Краєнка,
node/1838666975,city,Kraków,Краков,Краків,
node/560719866,town,Krapkowice,Крапковице,Крапковіце,
node/371949273,town,Kraśnik,Красник,Краснік,
node/31892394,town,Krasnobród,Краснобруд,Краснобруд,
node/197471072,town,Krasnystaw,Красныстав,Красностав,
node/692632481,town,Krobia,Кробья,Кроб'я,
node/676109817,town,Krośniewice,Кросьневице,Кросьневіце,
node/1763537504,city,Krosno,Кросно,Кросно,
node/26433204,town,Krosno Odrzańskie,Кросно-Оджаньске,Кросно-Оджанське,
node/31797403,town,Krotoszyn,Кротошин,Кротошин,
node/527840822,town,Kruszwica,Крушвица,Крушвіца,
node/31531709,town,Krynica Morska,Крыница-Морска,Криніца Морска,
node/288825557,town,Krynica-Zdrój,Крыница-Здруй,Криниця-Здруй,
node/31575223,town,Krynki,Крынки,Кринкі,
node/562814647,town,Krzanowice,Кшановице,Кшановіце,
node/596213829,town,Krzepice,Кшепице,Кшепіце,
node/31901651,town,Krzeszowice,Кшешовице,Кшешовіце,
node/472379523,town,Krzywiń,Кшивинь,Кшивінь,
node/260874121,town,Krzyż Wielkopolski,Кшиж-Велькопольский,Кшиж Велькопольський,
node/31620215,town,Książ Wielkopolski,Ксёнж-Велькопольский,Ксьонж Велькопольский,
node/346150662,town,Kudowa-Zdrój,Кудова-Здруй,Кудова Здруй,
node/31891739,town,Kunów,Кунув,Кунув,
node/253556355,town,Kutno,Кутно,Кутно,
node/500840374,town,Kuźnia Raciborska,Кузня-Рациборская,Кузня-Рациборська,
node/31531689,town,Kwidzyn,Квидзын,Квідзин,
node/310474340,town,Łabiszyn,Лабишин,Лабішин,
node/299177114,town,Lądek-Zdrój,Лёндек-Здруй,Льондек-Здруй,
node/418648597,town,Łagów,Лагув,Лаґув,
node/31891667,town,Łańcut,Ланьцут,Ланьцут,
node/599268599,town,Łapy,Лапы,Лапи,
node/31587581,town,Łasin,Ласин,Ласін,
node/31880367,town,Łask,Ласк,Ласк,
node/1854937259,town,Łaskarzew,Ласкажев,Ласкажев,
node/31891620,town,Łaszczów,Лащув,Лащув,
node/692604464,town,Łaziska Górne,Лазиска-Гурне,Лазиська Ґурне,
node/1854937260,town,Łazy,Лазы (Польша),Лази (місто),
node/30981926,town,Łeba,Леба,Леба,
node/31531662,town,Lębork,Лемборк,Лемборк,
node/1841117363,town,Łęczna,Ленчна,Ленчна,
node/248078775,town,Łęczyca,Ленчица,Ленчица,
node/244025165,town,Lędziny,Лендзины,Лендзіни,
node/31694025,town,Legionowo,Легионово,Леґьоново,
node/3952721523,city,Legnica,Легница,Легниця,
node/314672220,town,Łęknica,Ленкница,Ленкніца,
node/39393534,town,Lesko,Леско,Леско,
node/3009721354,town,Leśna,Лесьна,Лешна,
node/663676762,town,Leśnica,Лесница (город),Лесьниця (Опольське воєводство),
node/155462541,city,Leszno,Лешно,Лешно,
node/299491786,town,Lewin Brzeski,Левин-Бжеский,Левін Бжеський,
node/31891329,town,Leżajsk,Лежайск,Лежайськ,
node/31901490,town,Libiąż,Либёнж,Лібйонж,
node/692602646,town,Lidzbark,Лидзбарк,Лідзбарк,
node/31522931,town,Lidzbark Warmiński,Лидзбарк-Варминьски,Лідзбарк Вармінський,
node/227609975,town,Limanowa,Лиманова,Ліманова,
node/1758659859,town,Lipiany,Липяны,Ліпяни,
node/466224392,town,Lipno,Липно,Ліпно,
node/1854936941,town,Lipsk,Липск,Ліпск,
node/31873964,town,Lipsko,Липско,Ліпсько,
node/31587119,town,Łobez,Лобез,Лобез,
node/31587113,town,Łobżenica,Лобженица,Лобженіца,
node/692617141,town,Łochów,Лохув,Лохув,
node/30094969,city,Łódź,Лодзь,Лодзь,
node/31693576,town,Łomianki,Ломянки,Ломянкі,
node/31574828,city,Łomża,Ломжа,Ломжа,
node/1854937262,town,Łosice,Лосице,Лосіце,
node/31707960,town,Łowicz,Лович,Ловіч,
node/31891166,town,Lubaczów,Любачув,Любачів,
node/383902758,town,Lubań,Любань,Любань,
node/363634412,town,Lubartów,Любартув,Любартув,
node/31587002,town,Lubawa,Любава,Любава,
node/370165396,town,Lubawka,Любавка,Любавка,
node/31707928,town,Lubień Kujawski,Любень-Куявский,Любень Куявський,
node/253531511,town,Lubin,Любин,Любін,
node/30014556,city,Lublin,Люблин,Люблін,
node/128055233,town,Lubliniec,Люблинец,Люблінець,
node/692603635,town,Lubniewice,Любневице,Любневіце,
node/31796147,town,Lubomierz,Любомеж,Любомеж,
node/354512367,town,Luboń,Любонь,Любонь,
node/31586887,town,Lubowidz,Любовидз,Любовідз,
node/600356053,town,Lubraniec,Любранец,Любранец,
node/31796132,town,Lubsko,Любско,Любсько,
node/2006432543,town,Lubycza Królewska,Любича Крулевска,Любича Крулевска,
node/1854937266,town,Łuków,Лукув,Лукув,
node/31880272,town,Lutomiersk,Лютомерск,Лютомерск,
node/31796064,town,Lututów,Лутутув,Лутутув,
node/31618825,town,Lwówek,Львувек,Львувек,
node/2668487945,town,Lwówek Śląski,Львувек-Слёнски,Львувек  Шльонський,
node/35132647,town,Maków Mazowiecki,Макув-Мазовецки,Макув-Мазовецький,
node/266013007,town,Maków Podhalański,Макув-Подхаляньский,Маків-Підхалянський,
node/127571050,town,Malbork,Мальборк,Мальборк,
node/31890647,town,Małogoszcz,Малогощ,Малоґощ,
node/1758659860,town,Małomice,Маломице,Маломіце,
node/276970908,town,Margonin,Маргонин,Маргонін,
node/348945802,town,Marki,Марки,Маркі,
node/293355196,town,Maszewo,Машево,Машево,
node/598921475,town,Miasteczko Śląskie,Мястечко-Слёнске,Мястечко-Шльонське,
node/31346480,town,Miastko,Мястко,Мястко,
node/31574622,town,Michałowo,Михалово,Міхалово,
node/31890453,town,Miechów,Мехув,Мехув,
node/1854936970,town,Międzybórz,Мендзыбуж,Мендзибуж,
node/281713324,town,Międzychód,Мендзыхуд,Мендзихуд,
node/299272939,town,Międzylesie,Мендзылесье,Мендзилесє,
node/359441565,town,Międzyrzec Podlaski,Мендзыжец-Подляский,Мендзижеч Підляський,
node/31618019,town,Międzyrzecz,Мендзыжеч,Мендзижеч,
node/255408531,town,Międzyzdroje,Мендзыздрое,Мендзиздроє,
node/31795622,town,Miejska Górka,Мейска-Гурка,Мейска Ґурка,
node/31890133,town,Mielec,Мелец,Мелець,
node/31346475,town,Mielno,Мельно,Мельно,
node/346144826,town,Mieroszów,Мерошув,Мерошув,
node/393808189,town,Mieszkowice,Мешковице,Мешковице,
node/31522735,town,Mikołajki,Миколайки,Міколайкі,
node/322709211,town,Mikołów,Миколув,Миколув,
node/31795547,town,Mikstat,Микстат,Мікстат,
node/31522716,town,Miłakowo,Милаково,Мілаково,
node/31692544,town,Milanówek,Милянувек,Мілянувек,
node/31795532,town,Milicz,Милич,Міліч,
node/31531489,town,Miłomłyn,Миломлын,Міломлин,
node/31617723,town,Miłosław,Милослав,Мілослав,
node/31692413,town,Mińsk Mazowiecki,Миньск-Мазовецки,Міньск Мазовецький,
node/31586189,town,Mirosławiec,Мирославец,Мірославец,
node/2716747276,town,Mirsk,Мирск,Мірськ,
node/31574380,town,Mława,Млава,Млава,
node/31531280,town,Młynary,Млынары,Млинари,
node/1859414380,town,Modliborzyce,Модлибожице,Модлібожице,
node/368033575,town,Mogielnica,Могельница,Могельниця,
node/230100325,town,Mogilno,Могильно,Моґільно,
node/31574303,town,Mońki,Моньки,Моньки,
node/692610384,town,Morąg,Моронг,Моронг,
node/31889932,town,Morawica,Моравица,Моравіца,
node/1855026520,town,Mordy,Морды,Морди,
node/1968326353,town,Moryń,Моринь,Моринь,
node/1901727112,town,Mosina,Мосина,Мосіна,
node/31522478,town,Mrągowo,Мронгово,Мронгово,
node/31585959,town,Mrocza,Мроча,Мроча,
node/31691979,town,Mrozy,Мрозы,Мрози,
node/507014566,town,Mszana Dolna,Мшана-Дольна,Мшана-Дольна,
node/31870955,town,Mszczonów,Мщонув,Мщонув,
node/316751049,town,Murowana Goślina,Мурована-Гослина,Мурована Госліна,
node/298014658,town,Muszyna,Мушина,Мушина,
node/262936633,town,Myślenice,Мысленице,Мисьленіце,
node/1758660001,town,Myślibórz,Мыслибуж,Мишлібуж,
node/1282380456,city,Mysłowice,Мысловице,Мисловіце,
node/31901067,town,Myszków,Мышкув,Мишкув,
node/31574277,town,Myszyniec,Мышинец,Мишинець,
node/31585837,town,Nakło nad Notecią,Накло-над-Нотецью,Накло над Нотецею,
node/31870825,town,Nałęczów,Наленчув,Наленчув,
node/31794910,town,Namysłów,Намыслув,Намуслув,
node/371818461,town,Narol,Нароль,Нароль,
node/31603215,town,Nasielsk,Насельск,Насельськ,
node/598172733,town,Nekla,Некля,Некля,
node/31574190,town,Nidzica,Нидзица,,
node/416567038,town,Niemcza,Немча,Немча,
node/288927742,town,Niemodlin,Немодлин,Немодлін,
node/31889794,town,Niepołomice,Неполомице,Неполоміце,
node/1778452735,town,Nieszawa,Нешава,Нешава,
node/371977886,town,Nisko,Ниско,Нисько,
node/31889710,town,Nowa Dęba,Нова-Демба,Нова Демба,
node/274797934,town,Nowa Ruda,Нова-Руда,Нова Руда,
node/31889688,town,Nowa Sarzyna,Нова-Сажина,Нова Сажина,
node/31889683,town,Nowa Słupia,Нова Слупя,Нова Слуп'я,
node/1758659862,town,Nowa Sól,Нова-Суль,Нова Суль,
node/598184809,town,Nowe,Нове,Нове,
node/31889649,town,Nowe Brzesko,Нове-Бжеско,Нове Бжеско,
node/1758659863,town,Nowe Miasteczko,Нове-Мястечко,Нове М'ястечко,
node/52830261,town,Nowe Miasto,Нове Място,Нове М'ясто,
node/31585481,town,Nowe Miasto Lubawskie,Нове-Място-Любавске,Нове М'ясто Любавське,
node/31870239,town,Nowe Miasto nad Pilicą,Нове-Място-над-Пилицей,Нове М'ясто над Пилицею,
node/31794192,town,Nowe Skalmierzyce,Нове-Скальмежице,Нове Скальмежице,
node/257422245,town,Nowe Warpno,Нове-Варпно,Нове Варпно,
node/1758659861,town,Nowogard,Новогард,Новоґард,
node/31573871,town,Nowogród,Новогруд,Новоґруд,
node/31794151,town,Nowogród Bobrzański,Новогруд-Бобжаньский,Новоґруд Бобжанські,
node/1770680188,town,Nowogrodziec,Новогродзец,Новоґродзіец,
node/31531183,town,Nowy Dwór Gdański,Новы-Двур-Гданьский,Новий Двур Ґданські,
node/31691304,town,Nowy Dwór Mazowiecki,Новы-Двур-Мазовецки,Новий Двур Мазовецькі,
node/31889594,town,Nowy Korczyn,Новы Корчин,Новий Корчин,
node/46715854,city,Nowy Sącz,Новы-Сонч,Новий Сонч,
node/31531177,town,Nowy Staw,Новы-Став,Новий Став,
node/147844965,town,Nowy Targ,Новы-Тарг,Новий Тарг,
node/31616446,town,Nowy Tomyśl,Новы-Томысль,Новий Томисль,
node/303245076,town,Nowy Wiśnicz,Новы-Виснич,Новий Вісьнич,
node/253557175,town,Nysa,Ныса,Ниса,
node/32118900,town,Oborniki,Оборники,Оборнікі ,
node/31793998,town,Oborniki Śląskie,Оборники-Слёнске,Оборнікі Шльонські,
node/386600625,town,Obrzycko,Обжиско,Обжицко,
node/31793879,town,Odolanów,Одолянув,Одоланув,
node/270577055,town,Ogrodzieniec,Огродзенец,Огродзенець,
node/31585160,town,Okonek,Оконек,Оконек,
node/323142704,town,Oława,Олава,Олава,
node/31522033,town,Olecko,Олецко,Олеско,
node/259598892,town,Oleśnica,Олесница,Олесьниця,
node/1912006738,town,Oleśnica,Олешница,Олесьниця,
node/299951098,town,Olesno,Олесно,Олесьно,
node/31889446,town,Oleszyce,Олешице,Олешице,
node/31900901,town,Olkusz,Олькуш,Олькуш,
node/32566103,city,Olsztyn,Ольштын,Ольштин,
node/692611716,town,Olsztyn,Ольштын,Ольштин,
node/31573791,town,Olsztynek,Ольштынек,Ольштинек,
node/383911098,town,Olszyna,Ольшина,Ольшина,
node/31616190,town,Opalenica,Опаленица,Опаленіца,
node/31889422,town,Opatów,Опатув,Опатув,
node/31793390,town,Opatówek,Опатувек,Опатувек,
node/1933057152,town,Opatowiec,Опатовец,Опатов'єц,
node/31869732,town,Opoczno,Опочно,Опочно,
node/128054630,city,Opole,Ополе,Ополе,
node/31869717,town,Opole Lubelskie,Ополе-Любельске,Ополе-Любельське,
node/443716998,town,Orneta,Орнета,Орнета,
node/692604485,town,Orzesze,Ожеше,Ожеше,
node/31521881,town,Orzysz,Ожиш,Ожиш,
node/308020951,town,Osieczna,Осечна,Осечна,
node/1854937014,town,Osiek,Осек,Осек,
node/31616006,town,Ośno Lubuskie,Осьно-Любуске,Осьно-Любуське,
node/31531118,town,Ostróda,Оструда,Оструда,
node/31573721,city,Ostrołęka,Остроленка,Остроленка,
node/386596562,town,Ostroróg,Остроруг,Остроруг,
node/1854937019,town,Ostrów Lubelski,Острув-Любельский,Острув-Любельські,
node/31601991,town,Ostrów Mazowiecka,Острув-Мазовецка,Острув-Мазов'єцка,
node/31792887,town,Ostrów Wielkopolski,Острув-Велькопольский,Острув-Великопольський,
node/31889267,town,Ostrowiec Świętokrzyski,Островец-Свентокшиский,Островець-Свентокшиський,
node/31792851,town,Ostrzeszów,Остшешув,Остжешув,
node/31900891,town,Oświęcim,Освенцим,Освенцим,
node/299173892,town,Otmuchów,Отмухув,Отмухув,
node/31690587,town,Otwock,Отвоцк,Отвоцк,
node/1758659808,town,Otyń,Отынь,Отинь,
node/31889234,town,Ożarów,Ожарув,Ожарув,
node/31690528,town,Ożarów Mazowiecki,Ожарув-Мазовецкий,Ожарув-Мазовецький,
node/249556046,town,Ozimek,Озимек,Озімек,
node/244598142,town,Ozorków,Озоркув,Озоркув,
node/31879926,town,Pabianice,Пабьянице,Паб’яніце,
node/31889231,town,Pacanów,Пацанов,Пацанув,
node/299298239,town,Paczków,Пачкув,Пачкув,
node/598907093,town,Pajęczno,Паенчно,Паєнчно,
node/560596434,town,Pakość,Пакость,Пакосць,
node/1854830180,town,Parczew,Парчев,Парчів,
node/31531087,town,Pasłęk,Пасленк,Пасленк,
node/1784889349,town,Pasym,Пасым,Пасим,
node/31584625,town,Pełczyce,Пелчице,Пелчице,
node/31531080,town,Pelplin,Пельплин,Пельплін,
node/28396171,town,Piaseczno,Пясечно,П'ясечно,
node/1854937024,town,Piaski,Пяски,П'яскі,
node/38224299,town,Piastów,Пястув,П'ястув,
node/30093005,town,Piątek,Пёнтек,Пйонтек,
node/598617974,town,Piechowice,Пеховице,Пеховіце,
node/253552911,city,Piekary Śląskie,Пекары-Слёнске,Пекари-Шльонські,
node/31521665,town,Pieniężno,Пененжно,Пенєнжно,
node/31792043,town,Pieńsk,Пеньск,П'єнськ,
node/31889148,town,Pierzchnica,Пежхница,П'єжхніца,
node/692626234,town,Pieszyce,Пешице,Пешице,
node/253534746,town,Piła,Пила,Піла,
node/31868767,town,Pilawa,Пилява,Пілава,
node/692626237,town,Piława Górna,Пилава-Гурна,Пілава-Ґурна,
node/358980632,town,Pilica,Пилица,Пілиця (Сілезьке воєводство),
node/1854937027,town,Pilzno,Пильзно,Пільзно,
node/31889135,town,Pińczów,Пиньчув,Пінчув,
node/368033796,town,Pionki,Пёнки,Пйонкі,
node/692623471,town,Piotrków Kujawski,Пётркув-Куявский,Пйотркув-Куявський,
node/769235431,city,Piotrków Trybunalski,Пётркув-Трыбунальски,Пйотркув-Трибунальський,
node/31572956,town,Pisz,Пиш,Піш,
node/692609604,town,Piwniczna-Zdrój,Пивнична-Здруй,Північна-Здруй,
node/31791744,town,Pleszew,Плешев,Плешев,
node/1751621527,city,Płock,Плоцк,Плоцьк,
node/31601272,town,Płońsk,Плоньск,Плонськ,
node/1758659865,town,Płoty,Плоты,Плоти,
node/254854488,town,Pniewy,Пневы,Пн'єви,
node/31615002,town,Pobiedziska,Победзиска,Поб'єджіска,
node/31791659,town,Poddębice,Поддембице,Поддембіце,
node/31689600,town,Podkowa Leśna,Подкова-Лесьна,Подкова-Лісна,
node/31791553,town,Pogorzela,Погожеля,Погожеля,
node/31916867,town,Polanica-Zdrój,Поляница-Здруй,Поланиця-Здруй,
node/31889018,town,Połaniec,Поланец,Поланець,
node/31346037,town,Polanów,Полянув,Поланув,
node/1758659758,town,Połczyn-Zdrój,Полчин-Здруй,Полчин-Здруй,
node/474593784,town,Police,Полице,Поліце,
node/598619294,town,Polkowice,Польковице,Польковіце,
node/31868251,town,Poniatowa,Понятова,Пон'ятова,
node/31791224,town,Poniec,Понец,Понець,
node/2016782381,town,Poręba,Поремба,Поремба,
node/27161819,city,Poznań,Познань,Познань,
node/31530997,town,Prabuty,Прабуты,Прабути,
node/31790981,town,Praszka,Прашка,Прашка,
node/31790914,town,Prochowice,Проховице,Проховіце,
node/692611646,town,Prószków,Прушкув,Прушкув,
node/31888928,town,Proszowice,Прошовице,Прошовіце,
node/366341106,town,Pruchnik,Прухник,Прухнік,
node/568037771,town,Prudnik,Прудник,Прудник,
node/31790865,town,Prusice,Прусице,Прушіце,
node/1867758190,town,Pruszcz,Прущ,Прущ,
node/31530985,town,Pruszcz Gdański,Прущ-Гданьский,Прущ-Ґданський,
node/31689160,town,Pruszków,Прушкув,Прушкув,
node/279654853,town,Przasnysz,Пшасныш,Пшасниш,
node/1933057260,town,Przecław,Пшецлав,Пшеслав,
node/1854937038,town,Przedbórz,Пшедбуж,Пшедбуж,
node/31614227,town,Przedecz,Пшедеч,Пшедеч,
node/31790682,town,Przemków,Пшемкув,Пшемкув,
node/253546793,city,Przemyśl,Пшемышль,Перемишль,
node/31888900,town,Przeworsk,Пшеворск,,
node/1854937043,town,Przysucha,Пшисуха,Пшисуха,
node/31935150,town,Pszczyna,Пщина,Пщина,
node/361603782,town,Pszów,Пшув,Пшув,
node/31530962,town,Puck,Пуцк,Пуцьк,
node/362654902,town,Puławy,Пулавы,Пулави,
node/31600109,town,Pułtusk,Пултуск,Пултуськ,
node/31613303,town,Puszczykowo,Пущиково,Пущиково,
node/31583670,town,Pyrzyce,Пыжице,Пижице,
node/257059199,town,Pyskowice,Пысковице,Писковіце,
node/31613250,town,Pyzdry,Пыздры,Пиздри,
node/262936634,town,Rabka-Zdrój,Рабка-Здруй,Рабка-Здруй,
node/279651644,town,Raciąż,Рачёнж,Рачйонж,
node/2175018340,town,Racibórz,Ратибор,Ратибор,
node/321406755,town,Radków,Радкув,Радкув,
node/376065763,town,Radlin,Радлин,Радлін,
node/1933057313,town,Radłów,Радлув (город),Радлув,
node/31867745,city,Radom,Радом,Радом,
node/31879607,town,Radomsko,Радомско,Радомсько,
node/1854937053,town,Radomyśl Wielki,Радомышль-Вельки,Радомишль-Велькі,
node/31867712,town,Radoszyce,Радошице,Радошице,
node/503945899,town,Radymno,Радимно,Радимно,
node/1854937069,town,Radziejów,Радзеюв,Радзеюв,
node/420622210,town,Radzionków,Радзёнкув,Радзьонкув,
node/348945767,town,Radzymin,Радзымин,Радзимін,
node/1854937074,town,Radzyń Chełmiński,Радзынь-Хелминьски,Радзинь-Хелмінський,
node/1854937081,town,Radzyń Podlaski,Радзынь-Подляски,Радзинь-Подляскі,
node/31520940,town,Rajgród,Райгруд,Райгруд,
node/387434271,town,Rakoniewice,Раконевице,Раконевіце,
node/31789998,town,Raszków,Рашкув,Рашків,
node/31867531,town,Rawa Mazowiecka,Рава-Мазовецкая,,
node/31789963,town,Rawicz,Равич,,
node/31583522,town,Recz,Реч,Реч,
node/31530935,town,Reda,Реда,,
node/1859515654,town,Rejowiec,Рейовец,Рейовець,
node/371949660,town,Rejowiec Fabryczny,Реёвец-Фабрычны,Рейовець-Фабричний,
node/1758659987,town,Resko,Реско,,
node/31520444,town,Reszel,Решель,,
node/258335318,town,Rogoźno,Рогозьно,,
node/31888768,town,Ropczyce,Ропчице,,
node/31599429,town,Różan,Ружан,,
node/692617894,town,Ruciane-Nida,Ручане-Нида,,
node/31917353,city,Ruda Śląska,Руда-Слёнская,Руда-Шльонська,
node/371977916,town,Rudnik nad Sanem,Рудник-над-Санем,,
node/31530889,town,Rumia,Румя,,
node/253525668,city,Rybnik,Рыбник,Рибник,
node/31611826,town,Rychwał,Рыхвал,,
node/331033947,town,Rydułtowy,Рыдултовы,Ридултови,
node/1297152960,town,Rydzyna,Рыдзына,,
node/1933108183,town,Ryglice,Рыглице,Ригліце,
node/362659264,town,Ryki,Рыки,Рикі,
node/692613997,town,Rymanów,Руманув,Риманів,
node/31519527,town,Ryn,Рын,,
node/31583089,town,Rypin,Рыпин,,
node/31611779,town,Rzepin,Жепин,,
node/34662230,city,Rzeszów,Жешув,Ряшів,
node/31879510,town,Rzgów,Жгув,,
node/31888577,town,Sandomierz,Сандомир,Сандомир,
node/31705619,town,Sanniki,Санники,,
node/39392569,town,Sanok,Санок,Сянік,
node/31788771,town,Ścinawa,Сцинава,,
node/31888566,town,Sędziszów,Сендзишув,Сендзішув,
node/31888565,town,Sędziszów Małopolski,Сендзишув-Малопольски,,
node/31519394,town,Sejny,Сейны,,
node/31582868,town,Sępólno Krajeńskie,Семпульно-Краеньске,,
node/31519392,town,Sępopol,Семпополь,,
node/31598985,town,Serock,Сероцк,,
node/1775164040,town,Sianów,Сянув,,
node/31788581,town,Siechnice,Сехнице,,
node/1854937117,city,Siedlce,Седлец,Седльце,
node/368746637,town,Siedliszcze,Седлище,Седлище,
node/31900531,city,Siemianowice Śląskie,Семяновице-Слёнске,Семяновіце-Шльонські,
node/1838681689,town,Siemiatycze,Семятыче,,
node/514080074,town,Sieniawa,Сенява,,
node/31788344,town,Sieradz,Серадз,,
node/281706190,town,Sieraków,Серакув,Серакув,
node/478404294,town,Sierpc,Серпц,,
node/31900526,town,Siewierz,Севеж,,
node/243643364,town,Skała,Скала,Скала,
node/31888513,town,Skalbmierz,Скальбмеж,,
node/24617077,town,Skarszewy,Скаршевы,,
node/1854937143,town,Skaryszew,Скарышев,,
node/31174958,town,Skarżysko-Kamienna,Скаржиско-Каменна,Скаржисько-Каменна,
node/262894107,town,Skawina,Скавина,Скавіна,
node/478405286,town,Skępe,Скемпе,Скемпе,
node/31866436,city,Skierniewice,Скерневице,,
node/367648247,town,Skoczów,Скочув,,
node/244002107,town,Skoki,Скоки,,
node/31530734,town,Skórcz,Скурч,,
node/268767105,town,Skwierzyna,Сквежина,Сквежина,
node/692604250,town,Sława,Слава,Слава,
node/1854937193,town,Sławków,Славкув,Славкув,
node/31345800,town,Sławno,Славно,,
node/31610852,town,Ślesin,Слесин,,
node/31888437,town,Słomniki,Сломники,Сломники,
node/26433240,town,Słubice,Слубице,Слубіце,
node/418747816,town,Słupca,Слупца,,
node/31345720,city,Słupsk,Слупск,Слупськ,
node/31610588,town,Śmigiel,Смигель,,
node/349011984,town,Sobótka,Собутка,,
node/31687374,town,Sochaczew,Сохачев,,
node/31598264,town,Sochocin,Сохочин,Сохочин,
node/31571660,town,Sokółka,Сокулка,,
node/31888374,town,Sokołów Małopolski,Соколув-Малопольски,,
node/1854937157,town,Sokołów Podlaski,Соколув-Подляски,Соколув-Підляський,
node/31582108,town,Solec Kujawski,Солец-Куявски,,
node/1905986317,town,Solec nad Wisłą,Солец-над-Вислой,,
node/31610211,town,Sompolno,Сомпольно,,
node/31530688,city,Sopot,Сопот,Сопот,
node/31917182,town,Sośnicowice,Сосницовице,,
node/190817334,city,Sosnowiec,Сосновец,Сосновець,
node/31610025,town,Śrem,Сьрем,Сьрем,
node/1770680189,town,Środa Śląska,Сьрода-Слёнска,,
node/2668860745,town,Środa Wielkopolska,Сьрода-Велькопольска,,
node/1854937161,town,Stalowa Wola,Сталёва-Воля,,
node/31865852,town,Stąporków,Стомпоркув,Стомпоркув,
node/253554130,town,Starachowice,Стараховице,Стараховіце,
node/1758660003,town,Stargard,Старгард,Старгард,
node/26378871,town,Starogard Gdański,Старогард-Гданьский,,
node/31949310,town,Stary Sącz,Стары-Сонч,,
node/31888252,town,Staszów,Сташув,,
node/31571553,town,Stawiski,Стависки,,
node/31786974,town,Stawiszyn,Ставишин,,
node/282235530,town,Stepnica,Степница,,
node/31609600,town,Stęszew,Стеншев,,
node/359810975,town,Stoczek Łukowski,Сточек-Луковский,Сточек-Луковський,
node/31888190,town,Stopnica,Стопница,,
node/31916992,town,Stronie Śląskie,Строне-Слёнске,Строне-Шльонські,
node/31934725,town,Strumień,Струмень,,
node/287105545,town,Stryków,Стрыкув,Стрикув,
node/31916989,town,Strzegom,Стшегом,,
node/2668896331,town,Strzelce Krajeńskie,Стшельце-Краеньске,,
node/31916985,town,Strzelce Opolskie,Стшельце-Опольске,Стшельце-Опольські,
node/31916983,town,Strzelin,Стшелин,,
node/322116790,town,Strzelno,Стшельно,Стшельно,
node/31948552,town,Strzyżów,Стшижув,Стрижів,
node/36489697,town,Sucha Beskidzka,Суха-Бескидзка,Суха-Бескидзька,
node/393975496,town,Suchań,Сухань,Сухань,
node/31865372,town,Suchedniów,Сухеднюв,Сухеднюв,
node/31571332,town,Suchowola,Суховоля,,
node/31609289,town,Sulechów,Сулехув,Сулехув,
node/31609265,town,Sulęcin,Суленцин,Суленцин,
node/31879358,town,Sulejów,Сулеюв,,
node/4386350304,town,Sulejówek,Сулеювек,,
node/256355426,town,Sułkowice,Сулковице,,
node/3027588862,town,Sulmierzyce,Сульмежице,,
node/31571305,town,Supraśl,Супрасль,,
node/31597850,town,Suraż,Сураж,Сураж,
node/31530596,town,Susz,Суш,,
node/31518965,city,Suwałki,Сувалки,Сувалки,
node/146951480,town,Swarzędz,Сважендз,Сважендз,
node/281792787,town,Świątniki Górne,Свёнтники-Гурне,,
node/31916945,town,Świdnica,Свидница,Свідниця,
node/1854937268,town,Świdnik,Свидник,,
node/1758660000,town,Świdwin,Свидвин,,
node/31916943,town,Świebodzice,Свебодзице,,
node/31609130,town,Świebodzin,Свебодзин,,
node/31580747,town,Świecie,Свеце,,
node/31916940,town,Świeradów-Zdrój,Сверадув-Здруй,,
node/31786495,town,Świerzawa,Свежава,,
node/31916888,city,Świętochłowice,Свентохловице,Свентохловіце,
node/253349866,city,Świnoujście,Свиноуйсьце,,
node/31786438,town,Syców,Сыцув,,
node/31786432,town,Szadek,Шадек,,
node/31580602,town,Szamocin,Шамоцин,Шамоцин,
node/256126473,town,Szamotuły,Шамотулы,,
node/31947405,town,Szczawnica,Щавница,Щавниця,
node/1770680174,town,Szczawno-Zdrój,Щавно-Здруй,Щавно-Здруй,
node/371949255,town,Szczebrzeszyn,Щебжешин,,
node/26553042,city,Szczecin,Щецин,Щецин,
node/31345520,town,Szczecinek,Щецинек,,
node/31900343,town,Szczekociny,Щекоцины,,
node/1933057428,town,Szczucin,Щуцин,Щуцин,
node/1853317869,town,Szczuczyn,Щучин,,
node/280832769,town,Szczyrk,Щирк,,
node/349994450,town,Szczytna,Щитна,Щитна,
node/31570998,town,Szczytno,Щитно,,
node/31597681,town,Szepietowo,Шепетово,,
node/31916864,town,Szklarska Poręba,Шклярска-Поремба,Шклярська Поремба,
node/31786128,town,Szlichtyngowa,Шлихтынгова,,
node/1758660002,town,Szprotawa,Шпротава,Шпротава,
node/31530432,town,Sztum,Штум,,
node/31580465,town,Szubin,Шубин,,
node/31887958,town,Szydłów,Шидлув,,
node/1854937186,town,Szydłowiec,Шидловец,Шидловець,
node/31865115,town,Tarczyn,Тарчин,,
node/31887921,city,Tarnobrzeg,Тарнобжег,Тарнобжег,
node/1854937200,town,Tarnogród,Тарногруд,Тарногород,
node/34811728,city,Tarnów,Тарнув,Тарнув,
node/29072095,town,Tarnowskie Góry,Тарновске-Гуры,Тарновські Гури,
node/30116761,town,Tczew,Тчев,Тчев,
node/1854937205,town,Terespol,Тересполь,Тереспіль,
node/1854937210,town,Tłuszcz,Тлущ (Воломинский повят),Тлущ (Воломінський повіт),
node/31530302,town,Tolkmicko,Толькмицко,,
node/1837516733,town,Tomaszów Lubelski,Томашув-Любельски,,
node/31865024,town,Tomaszów Mazowiecki,Томашув-Мазовецкий,Томашув-Мазовецький,
node/1697487051,city,Toruń,Торунь,Торунь,
node/31607924,town,Torzym,Тожим,Тожим,
node/31916764,town,Toszek,Тошек,,
node/31580123,town,Trzcianka,Тшчанка,,
node/31607802,town,Trzciel,Тшцель,Тшч'єль,
node/1758659777,town,Trzcińsko-Zdrój,Тшциньско-Здруй,Тшцінсько-Здруй,
node/31345491,town,Trzebiatów,Тшебятув,Тшебятув,
node/31900257,town,Trzebinia,Тшебиня,Тшебіня,
node/31785395,town,Trzebnica,Тшебница,Тшебніца,
node/560596229,town,Trzemeszno,Тшемешно,Тшемешно,
node/30301919,town,Tuchola,Тухоля,Тухоля,
node/31945638,town,Tuchów,Тухув,Тухув,
node/31579829,town,Tuczno,Тучно,Тучно,
node/31607621,town,Tuliszków,Тулишкув,Тулішкув,
node/615947999,town,Tułowice,Туловице,Туловіце,
node/31607601,town,Turek,Турек,Турек,
node/31879166,town,Tuszyn,Тушин,Тушин,
node/31785238,town,Twardogóra,Твардогура,,
node/31345466,town,Tychowo,Тыхово,Тихово,
node/1751621551,city,Tychy,Тыхы,Тихи,
node/31945412,town,Tyczyn,Тычин,Тичин,
node/31570835,town,Tykocin,Тыкоцин,Тикоцін,
node/371949745,town,Tyszowce,Тышовце,Тишовце,
node/259429317,town,Ujazd,Уязд,Уязд,
node/258335461,town,Ujście,Уйсце,Уйсьце,
node/371978034,town,Ulanów,Улянув,Улянув,
node/31785097,town,Uniejów,Унеюв,Унєюв,
node/371949259,town,Urzędów,Ужендув,Ужендув,
node/31345455,town,Ustka,Устка,Устка,
node/31934395,town,Ustroń,Устронь,Устронь,
node/2498740002,town,Ustrzyki Dolne,Устшики-Дольне,Устрики Долішні,
node/31579742,town,Wąbrzeźno,Вомбжезьно,Вомбжезьно,
node/31864785,town,Wąchock,Вонхоцк,Вонхоцьк,
node/256355278,town,Wadowice,Вадовице,Вадовіце,
node/32672696,town,Wągrowiec,Вонгровец,Вонгровець,
node/31916711,city,Wałbrzych,Валбжих,Валбжих,
node/31579732,town,Wałcz,Валч,Валч,
node/368033581,town,Warka,Варка,Варка,
node/428339515,city,Warszawa,Варшава,Варшава,
node/1854937215,town,Warta,Варта,Варта,
node/31570758,town,Wasilków,Василькув,Васильків,
node/692632451,town,Wąsosz,Вонсош,Вонсош,
node/31784858,town,Węgliniec,Венглинец,Венглінець,
node/31518767,town,Węgorzewo,Венгожево,Венгожево,
node/1758660005,town,Węgorzyno,Венгожино,Венгожино,
node/349176196,town,Węgrów,Венгрув,,
node/31529945,town,Wejherowo,Вейхерово,Вейгерово,
node/31916687,town,Wiązów,Вёнзув,,
node/6211127385,town,Więcbork,Венцборк,,
node/31570578,town,Wielbark,Вельбарк,,
node/1843182788,town,Wieleń,Велень,,
node/31606757,town,Wielichowo,Велихово,,
node/31943878,town,Wieliczka,Величка,,
node/419734829,town,Wieluń,Велюнь,Велюнь,
node/31783882,town,Wieruszów,Верушув,,
node/692604471,town,Wilamowice,Вилямовице,Вілямовіце,
node/31684813,town,Wiskitki,Вискитки,,
node/484216106,town,Wisła,Висла,Вісла,
node/31887175,town,Wiślica,Вислица,,
node/2668885838,town,Witkowo,Витково,,
node/296099605,town,Witnica,Витница,Вітниця,
node/30980103,town,Władysławowo,Владыславово,,
node/31783414,town,Wleń,Влень,,
node/1751621506,city,Włocławek,Влоцлавек,Влоцлавек,
node/360217931,town,Włodawa,Влодава,Володава,
node/1145837529,town,Włoszczowa,Влощова,Влощова,
node/31886965,town,Wodzisław,Водзислав,,
node/253555505,town,Wodzisław Śląski,Водзислав-Слёнски,Водзіслав-Шльонський,
node/1770680185,town,Wojcieszów,Войцешув,Войцешув,
node/692610711,town,Wojkowice,Войковице,Войковіце,
node/31943251,town,Wojnicz,Войнич,Войніч,
node/31878876,town,Wolbórz,Вольбуж,Вольбуж,
node/243643366,town,Wolbrom,Вольбром,Вольбром,
node/31783100,town,Wołczyn,Волчин,Волчин,
node/27272586,town,Wolin,Волин,Волін,
node/1854937229,town,Wołomin,Воломин,Воломін,
node/31783058,town,Wołów,Волув,Волув,
node/31605726,town,Wolsztyn,Вольштын,Вольштин,
node/692611406,town,Woźniki,Возники,Возьники,
node/418392093,city,Wrocław,Вроцлав,Вроцлав,
node/254765465,town,Wronki,Вронки,Вронкі,
node/243991288,town,Września,Вжесня,Вжесьня,
node/31782947,town,Wschowa,Всхова,Всхова,
node/31578888,town,Wyrzysk,Выжиск,Вижиск,
node/1854937233,town,Wyśmierzyce,Высмежице,,
node/31578872,town,Wysoka,Высока,Висока,
node/31595527,town,Wysokie Mazowieckie,Высоке-Мазовецке,,
node/31595515,town,Wyszków,Вышкув,Вишкув,
node/31684098,town,Wyszogród,Вышогруд,Вишогруд,
node/31684083,town,Ząbki,Зомбки,Зомбкі,
node/1770680176,town,Ząbkowice Śląskie,Зомбковице-Слёнске,Зомбковіце-Шльонське,
node/31569814,town,Zabłudów,Заблудув,Заблудув,
node/260456352,town,Żabno,Жабно,Жабно,
node/31916531,city,Zabrze,Забже,Забже,
node/31782520,town,Żagań,Жагань,Жагань,
node/31605477,town,Zagórów,Загурув,,
node/31941266,town,Zagórz,Загуж,Загір'я,
node/31941066,town,Zakliczyn,Закличин,Заклічин,
node/1843715296,town,Zaklików,Закликув,Заклікув,
node/1854937237,town,Zakopane,Закопане,Закопане,
node/31684011,town,Zakroczym,Закрочим,Закрочим,
node/31529169,town,Zalewo,Залево,Залево,
node/31595319,town,Zambrów,Замбрув,Замбрув,
node/253548556,city,Zamość,Замосць,Замостя,
node/31899829,town,Żarki,Жарки,Жаркі,
node/2300849551,town,Żarów,Жарув,Жарув,
node/31782197,town,Żary,Жары,Жари,
node/333579015,town,Zator,Затор,Затор,
node/259416653,town,Zawadzkie,Завадзке,Завадзьке,
node/1860306932,town,Zawichost,Завихост,Завіхост,
node/31782078,town,Zawidów,Завидув,Завідув,
node/31899799,town,Zawiercie,Заверце,Заверце,
node/31605386,town,Zbąszyń,Збоншинь,Збоншинь,
node/31605385,town,Zbąszynek,Збоншинек,Збоншинек,
node/31782060,town,Zduńska Wola,Здуньская-Воля,Здунська Воля,
node/560519308,town,Zduny,Здуны,Здуни,
node/31916385,town,Zdzieszowice,Здзешовице,Здз'єховіце,
node/362658109,town,Żelechów,Желехув,Желехув,
node/31878440,town,Zelów,Зелюв,Зелув,
node/1996739000,town,Żerków,Жеркув,Жеркув,
node/30092865,town,Zgierz,Згеж,Згеж,
node/31782018,town,Zgorzelec,Згожелец,Згожелець,
node/1770680187,town,Ziębice,Зембице,Зембіце,
node/26553051,city,Zielona Góra,Зелёна-Гура,Зелена Гура,
node/1854937257,town,Zielonka,Зелёнка,Зельонка,
node/1758659810,town,Złocieniec,Злоценец,Злоценець,
node/31781976,town,Złoczew,Злочев,Злочев,
node/1770680177,town,Złotoryja,Злоторыя,Злотория,
node/31578422,town,Złotów,Злотув,Злотув,
node/31916268,town,Złoty Stok,Злоты-Сток,Злоти Сток,
node/31781941,town,Żmigród,Жмигруд,Жміґруд,
node/57508652,town,Żnin,Жнин,Жнін,
node/1243678001,city,Żory,Жоры,Жори,
node/1775164043,town,Żukowo,Жуково,Жуково,
node/31578212,town,Żuromin,Журомин,Журомін,
node/277724666,town,Zwierzyniec,Звежинец,Зв'єжинець,
node/368033689,town,Zwoleń,Зволень,Зволень,
node/31703294,town,Żychlin,Жихлин,Жихлін,
node/279242630,town,Żyrardów,Жирардув,Жирардув,
node/280833551,town,Żywiec,Живец,Живець,