id,name,wikidata,name:ru,name:uk,uwagi
node/3459334926,Aleksandrów Kujawski,Q1951631,Александрув Куявски,Александрув Куявський,
node/327043446,Andrychów,,Андрухов,Андрихув,
node/2151484414,Antonin,,Антонин,Антонін,
node/3067068078,Augustów,,Аугустув,Аугустув,
node/4712859499,Babiak,,Бабяк,Бабяк,
node/280998509,Babimost,,Бабимост,Бабімост,
node/2183718976,Baby,,Бабы,Баби,
node/2876002294,Bąk,,Бонк,Бонк,
node/1822321026,Bąkowiec,Q2014488,Бонковец,Бонковец,
node/4326755961,Balnica,Q2731650,Балница,Балніца,
node/746758076,Bardo Przyłęk,Q11687392,Бардо Пшиленк,Бардо Пшиленк,
node/29830619,Barłogi,Q9166508,Барлоги,Барлогі,
node/4336735930,Barnówko,,Барнувко,Барнувко,
node/2513932500,Bednary,Q780519,Беднары,Беднари,
node/473698393,Będzin,,Бендзин,Бендзін,
node/3458306888,Bełchów,Q2187885,Белхув,Белхув,
node/1630795731,Bełżec,Q2578625,Белжес,Белжес,
node/281126823,Biadki,Q1925140,Бядки,Бядкі,
node/1666653455,Biadoliny,,Бядолины,Бядоліни,
node/1661085569,Biała Pajęczańska,,Бяла Пайенчаньска,Бяла Пайенчанська,
node/3456241043,Biała Podlaska,Q2192360,Бяла Подласка,Бяла Подласка,
node/831856100,Białogard,,Бялогард,Бялогард,
node/1844504318,Białośliwie,,Бялощливе,Бялощліве,
node/3312803808,Białośliwie Wąskotorowe,,Бялощливе Вонскоторове,Бялощливе Вонскоторове,
node/2152133074,Białuń,,Бялунь,Бялунь,
node/2437642164,Biały Bór,,Бялы Бур,Бяли Бур,
node/3598288557,Biały Dunajec,,Бялы Дунаец,БялиДунаєць,
node/487092286,Biały Kościół,Q405652,Бялы Кощчул,Бяли Кощчул,
node/3298971170,Białystok,Q2262365,Бялысток,Бялсток,
node/442591962,Białystok Starosielce,Q2260225,Бялысток Старощелц,Бялисток Старощелц,
node/3619008824,Biecz,Q3279955,Беч,Беч,
node/6990104435,Bielawa Zachodnia,Q2012000,Белава Заходня,Белава Заходня,
node/2498976526,Bielsk Podlaski,,Белск Подлански,Белск Подланскі,
node/563872204,Bielsko-Biała Główna,,Белско-Бяла Главная,Белско-Бяла Головна,
node/291573648,Bielsko-Biała Wschód,Q2056383,Белско-Бяле Восток,Белско-Бяле Захід,
node/4034815745,Bieniów,,Бенув,Бенув,
node/2182760873,Bierawa,,Берава,Берава,
node/2152315323,Biernatowo,,Бернатово,Бернатово,
node/295374533,Bierutów,,Берутув,Берутув,
node/2158101652,Bierzwnik,Q2688814,Бежвник,Бежвнік,
node/2154801759,Biesal,,Бесал,Бесал,
node/601525236,Biesowice,,Бесовице,Бесовіце,
node/3499179468,Biłgoraj,Q924284,Билгорай,Білгорай,
node/3842528605,Bińcze,,Бинче,Бінче,
node/2003323592,Biniew,,Бинев,Бінев,
node/1508746056,Biskupice Oławskie,,Бискупице Олавске,Біскупіце Олавське,
node/7554367583,Biskupiec Pomorski,,Бискупец Поморски,Бісупец Поморскі,
node/8319566461,Biskupiec Reszelski,,Бискупец Решелски,Біскупец Решелські,
node/2370704115,Blachownia,,Блаховня,Блаховня,
node/2183653692,Błaszki,,Блащки,Блащкі,
node/2674855581,Bliżyn,Q2353759,Ближин,Бліжин,
node/3456911564,Błonie,Q2373039,Блоне,Блонє,
node/435218575,Błotnica,,Блотница,Блотніца,
node/256693983,Błotnica Strzelecka,,Блотница Стчлецка,Блотніца Счелецка,
node/2209006089,Bobowa,,Бобова,Бобова,
node/2211714460,Bobrówka,Q15886721,Бобрувка,Бобрувка,
node/48267476,Bochnia,,Бохня,Бохня,
node/3257951974,Boczów,,Бочув,Бочув,
node/413830806,Bogaczewo,,Богачево,Богачево,
node/2147449767,Bogaczów,,Богачув,Богачув,
node/442707162,Bogdaniec,,Богданец,Боданец,
node/2209003434,Bogoniowice Ciężkowice,,Богонёвице Ченжковице,Богоновіц Ченжковіце,
node/2209102946,Boguchwała,Q731008,Богухвала,Богухвала,
node/1666653466,Bogumiłowice,,Богумиловице,Богумиловице,
node/420072866,Boguszów Gorce,Q3198842,Богушув-Горце,Богушув-Горце,
node/520501413,Boguszów Gorce Wschód,Q955892,Богушув-Горце Восток,Богушув-Горце Схід,
node/420072902,Boguszów Gorce Zachód,Q4524291,Богушув-Горце Запад,Богушув-Горце Захід,
node/3623250492,Bojanowo,,Бояново,Бояново,
node/4073562294,Bolesławiec,Q2338583,Болеславец,Болеславець,
node/2152103559,Boleszkowice,,Болешковице,Болешковіце,
node/746756709,Boreczek,Q2362248,Боречек,Боречек,
node/2147435419,Borkowice,,Борковице,Борковіце,
node/2183586936,Boronów,,Боронув,Боронув,
node/295396299,Borowa Oleśnicka,Q9177732,Борова Олесницкая,Борова Олесницка,
node/772093147,Borujsko,,Боруйско,Боруйско,
node/3787469978,Bożepole Wielkie,,Божеполе Вельке,Божеполе Вельке,
node/3826888282,Braniewo,,Бранево,Бранево,
node/3440713740,Bratków,,Браткув,Браткув,
node/1746013532,Brodnica,,Бродниця,Бродниця,
node/2152267584,Brokęcino,,Брокенчино,Брокечіно,
node/2003324668,Bronów,,Бронув,Бронув,
node/1987722983,Brusy,,Бруси,Бруси,
node/3037185178,Brzeg,,Бжег,Бжег,
node/1005966746,Brzeg Dolny,Q9180851,Бжег Долны,Бжег Долни,
node/2197689089,Brzesko Okocim,,Бжеско Окочим,Бежско Окочім,
node/1433756051,Brzeszcze Jawiszowice,,Бжеще Явишовице,Бжеще Явішовіце,
node/2146625702,Brzezinka Średzka,,Бжезинка Средзька,Бжезінка Средзька,
node/551577887,Brzeźnica,,Бжезница,Бжезніца,
node/2088293122,Brzeźno,Q2133448,Бжезно,Бжезно,
node/1205507349,Brzoza Bydgoska,,Бжоза Быдгощ,Бжоза Бидгощ,
node/2148311213,Brzozowiec Gorzowski,,Бжозовец Гожовский,Бжозовец Гожовський,
node/570793195,Budachów,,Будахув,Будахув,
node/2455878802,Budzieszowice,Q11689069,Будзешовице,Будзешовице,
node/4959996595,Budzyń,Q2344632,Будзын,Будзин,
node/3420540693,Buk,,Бук,Бук,
node/2148307764,Bukowiec Międzyrzecki,,Буковец Мендзыжецкий,Буковец Мендзижецкий,
node/2003312767,Bukowina Sycowska,,Буковина Сыковска,Буковина Сиковска,
node/545085804,Bukowno,,Буковно,Буковно,
node/685116004,Bukowo,Q2188144,Буково,Буково,
node/476219228,Burkat,,Буркат,Буркат,
node/3517501479,Busko Zdrój,,Буско Здруй,Бусько Здруй,
node/1508458390,Byczyna Kluczborska,Q3483572,Бычина Ключборская,Бычина Ключборская,
node/2839093793,Bydgoszcz Emilianowo,,Быдгощ Эмилианово,Бидгощ Еміліяново,
node/3437310369,Bydgoszcz Główna,,Быдгощ Главный,Бидгощ Головний,
node/6093920533,Bydgoszcz Leśna,,Быдгощ Лещна,Бидгощ Лещна,
node/589834220,Bydgoszcz Wschód,Q9182646,Быдгощ Восток,Быдгощ Схід,
node/747140661,Bystrzyca Kłodzka Przedmieście,,Быстрица Клодзка Предместье,Передмістя Бистрица Клодзька,
node/2216177368,Bystrzyca koło Lublina,Q9182748,Быстрица под Люблином,Бистрица біля Любліна,
node/454205962,Bytom,Q1922712,Бытом,Битом,
node/2037930718,Bytom Odrzański,,Бытом Оджаньски,Битом Оджанська,
node/3854373657,Bytów,,Бытом,Битом,
node/2500580867,Celestynów,Q2413290,Селестинув,Селестинув,
node/3390365405,Centrum,Q638910,Центр,Центр,
node/3390230685,Centrum Nauki Kopernik,Q9183919,Центр Науки Коперник,Центр Науки Коперник,
node/3596352840,Chabówka,,Хабувка,Хабувка,
node/3725887739,Chałupki,,Халупкі,Халупки,
node/2187715426,Charsznica,,Харшница,Харшниця,
node/3457466012,Chełm,Q1939293,Хелм,Хелм,
node/3018480499,Chełm Wschodni,Q2846230,Хелм Восточный,Хелм Східний,
node/587568025,Chełmża,Q1857699,Хелмжа,Хелмжа,
node/826919348,Chocicza,,Хоцича,Хоціча,
node/29830311,Chociszew,Q2606879,Хоцишев,Хоцішев,
node/293360018,Chociwel,,Хоцивель,Хоцівель,
node/4958432326,Chodzież,Q2100852,Ходзеж,Ходзеж,
node/2152113908,Chojna,,Хойна,Хойна,
node/3803169533,Chojnice,,Хойнице,Хойніце,
node/1089058672,Chojnów,Q2057058,Хойнув,Хойнів,
node/3315064601,Chorzów Batory,,Хожув Баторий,Хожув Баторий,
node/3046407049,Chorzów Miasto,,Город Хожув,Місто Хожув,
node/1509286806,Chorzów Stary,,Старий Хожув,Старый Хожув,
node/603760755,Choszczno,Q2338086,Хощно,Хощно,
node/9133359372,Chotomów,,Хотомув,Хотомув,
node/3456253848,Chotyłów,Q2198409,Хотылув,Хотилів,
node/2147024229,Chróścina Nyska,,Хрущина Ныска,Хрущина Ниска,
node/3826755789,Chruściel,,Хрусьцель,Хрусьцель,
node/1713216893,Chrzanów,Q2656490,Хшанув,Хшанів,
node/1915610554,Chrząstowice,,Хшастовице,Хшастовіце,
node/655388124,Chybie,,Хибе,Хиб'є,
node/2499943345,Chynów,Q3930148,Хынув,Хинув,
node/476211469,Ciechanów,Q2799147,Чеханув,Чеханув,
node/3655700486,Ciechocinek,Q2135502,Чехочинек,Чехочінек,
node/29831926,Cienin,Q2091613,Ченин,Ченін,
node/3526120210,Cieszyn,,Чешин,Чешин,
node/3525970172,Cieszyn Marklowice,,Чешин Маркловице,Чешин Маркловіце,
node/634192029,Cybowo,,Цибово,Цибово,
node/2499395835,Czachówek Południowy,Q2047929,Чахувек Южный,Чахувек Південний,
node/2152295914,Czaplinek,,Чаплинек,Чаплінек,
node/3305010194,Czarna Białostocka,,Чарна Бялостоцка,Чарна Бялостоцка,
node/3533328299,Czarna Tarnowska,Q2134161,Чарна Тарновска,Чарна Тарновска,
node/3799313445,Czarna Woda,Q2067256,Чарна Вода,Чарна Вода,
node/859349737,Czarne,,Чарне,Чарне,
node/5635194686,Czastary,,Частары,Частари,
node/3553581200,Czechowice-Dziedzice,Q2782498,Чеховице-Джежице,Чеховіце-Джежіце,
node/3459073052,Czekanów,,Чеканув,Чеканув,
node/861155551,Czempiń,Q615526,Чемпинь,Чемпинь,
node/2181037862,Czeremcha,,Черемха,Черемха,
node/967207655,Czernica Wrocławska,Q2631544,Черница Вроцлавская,Черниця Вроцлавська,
node/674067512,Czerniejewo,,Чернеево,Черніїво,
node/1388656438,Czerniewice,,Черневице,Черневіце,
node/2408289774,Czernikowo,,Черниково,Черніково,
node/1276925370,Czersk,,Черск,Черськ,
node/476214754,Czeruchy,Q2350933,Черухы,Черухи,
node/389630543,Czerwieńsk,,Червеньск,Червеньск,
node/693464129,Czerwionka,Q2660369,Червёнка,Червьонка,
node/1282074491,Czerwonka,,Червонка,Червонка,
node/1707727709,Czeska Wieś,,Чеська-Весь,Чеська-Весь,
node/3455672306,Częstochowa,,Ченстохова,Ченстохова,
node/3486621062,Częstochowa Gnaszyn,,Ченстохова-Гначин,Ченстохова-Гначин,
node/417385664,Częstochowa Stradom,,Ченстохова-Страдом,Ченстохова-Страдом,
node/593379491,Człuchów,,Члухув,Члухув,
node/2209115915,Czudec,Q3897616,Чудец,Чудец,
node/3277530800,Czyżew,,Чижев,Чижев,
node/453162104,Dąbie nad Nerem,Q5253036,Домбъе над Нерем, Домб'є над Нерем,
node/1332102170,Dąbrowa Białostocka,,Домброва-Белостоцкая,Домброва-Білостоцька,
node/392952267,Dąbrowa Górnicza,Q5320686,Домбро́ва-Гурни́ча,Домброва-Гурнича,
node/790080192,Dąbrowa Górnicza Strzemieszyce,,Домброва Гурнича Стржемешице,Домброва Гурнича Стржемешице,
node/1766528691,Dąbrowa Górnicza Wschodnia,,Восточная Домброва Гурнича,Східна Домброва Гурніча,
node/3455721783,Dąbrowa Górnicza Ząbkowice,,Домброва Гурнича Зомбковице,Домброва Гурнича Зомбковіце,
node/2148303002,Dąbrówka Wielkopolska,,Домбрувка-Велькопольска,Домбрувка-Великопольська,
node/2435883936,Dalęcino,,Даленцино,Даленцино,
node/2400903123,Daleszewo,,Далешево,Далешево,
node/3708886914,Damasławek,,Дамаславек,Дамаславек,
node/1999887575,Damnica,,Дамниця,Дамниця,
node/6544863377,Darłowo,,Дарлово,Дарлово,
node/2187734546,Dęba Opoczyńska,,Демба Опочинска,Демба Опочинска,
node/2211625409,Dęba Rozalin,Q2343360,Демба Розалин,Демба Розалін,
node/3442849471,Dębica,Q2190272,Дембица,Дембиця,
node/3886372229,Dęblin,Q2518681,Демблин,Демблін,
node/2148311434,Deszczno,,Дещно,Дещно,
node/3607481169,Długołęka,Q9249553,Длуґоленка,Длуґоленка,
node/1278165711,Dobiegniew,Q3401095,Добегнев,Добегнів,
node/2137517311,Dobieszyn,Q3126162,Добешин,Добешин,
node/833677096,Doboszowice,Q2751757,Добошовице,Добошовіце,
node/2154423392,Dobre Miasto,,Добре-Място,Добре-Място,
node/2003309188,Dobroszyce,,Доброшице,Доброшиці,
node/1508658110,Dobrzeń Wielki,,Добжень-Вельки,Добжень-Велькі,
node/1919972056,Dolaszewo Wałeckie,,Долашево Валецкое,Долашево Валецьке,
node/2152117350,Dolna Odra,,Дольна Одра,Дольна Одра,
node/3459181765,Domaniewice,,Доманевице,Доманевіце,
node/3693106986,Domaniewice Centrum,,Доманевице Центр,Доманевіце Центр,
node/2037348225,Domanin,,Доманин,Доманін,
node/746760864,Domaszków,,Домашкув,Домашкув,
node/296132788,Domaszowice,,Домашовице,Домашовіце,
node/1020590906,Dorohusk,,Дорогуск,Дорогуск,
node/2030626324,Drzewica,,Джевиця,Джевіця,
node/599222836,Dulowa,,Дулёва,Дульова,
node/873825601,Duszniki Zdrój,,Душники-Здруй,Душники-Здруй,
node/2954279267,Dwikozy,,Двикози,Двікози,
node/3480800097,Dwory,,Дворы ,Двори,
node/3416840991,Dworzec Gdański,Q2662347,Железнодорожный вокзал Гданьски,Залізничний вокзал Ґданьскі,
node/3390187815,Dworzec Wileński,Q5318333,Железнодорожный вокзал Виленьски,Залізничний вокзал Віленьські,
node/2851693840,Dygowo,,Дыгово,Диґово,
node/1437615100,Dynów,Q2412864,Дынув,Динув,
node/2261901826,Działdowo,,Дзялдово,Дзялдово,
node/3682234687,Dzierżoniów Śląski,,Дзержонюв-Слёнски,Дзержонюв-Сльонскі,
node/3456183142,Dziewule,Q2652904,Дзевуле,Дзевуле,
node/413346673,Elbląg,Q11696520,Эльблонг,Ельблонг,
node/367993397,Ełk,Q966155,Элк,Елк,
node/3318712099,Ełk Wąskotorowy,,Элк Вонскоторовы,Елк-Вонскоторови,
node/1417774774,Fałkowo,,Фалково,Фалково,
node/2157512334,Florek,,Флорек,Фльорек,
node/2183290352,Fosowskie,Q9261901,Фосовске,Фосовске,
node/2209127435,Frysztak,Q3026390,Фриштак,Фриштак,
node/253705450,Gądki,Q9283983,Гондкі,Ґондкі,
node/570793270,Gądków Wielki,,Гондкув-Велки,Ґондкув-Великий,
node/837941134,Gągławki,,Гонглавкі,Ґонґлавкі,
node/2586034874,Gałkówek,Q1824218,Галковек,Ґалковек,
node/2154407383,Gamerki Wielkie,,Гамерки-Вельки,Ґамеркі-Великі,
node/6227593633,Garbassen,,Гарбассен,Гарбассен,
node/3444577777,Garbatka-Letnisko,Q4383929,Гарбатка-Летниско,Гарбатка-Летнісько,
node/2247040923,Garczegorze,,Гарчегоже,Ґарчеґоже,
node/2154865360,Gardeja,,Гардея,Гардея,
node/57506044,Gąsawa,,Гонсава,Ґонсава,
node/476214786,Gąsocin,Q9284019,Гонсоцин,Ґонсоцин,
node/3784638270,Gdańsk Główny,,Гданьск Главный,Ґданськ Головний,
node/5599928679,Gdańsk Osowa,Q2191548,Гданьск Осова,Гданськ Осова,
node/9204371370,Gdańsk Rębiechowo,Q16485216,Гданьск Ренбехово,Гданськ Ренбехово,
node/3785967847,Gdańsk Wrzeszcz,Q934967,Гданьск Вжещч,Гданськ Вжещч,
node/2681139348,Gdynia Chylonia,Q2846022,Гдыня Хылоня,Гдиня Хилоня,
node/1964369654,Gdynia Główna,Q800808,Гдыня Главная, Гдиня Головний,
node/3038796607,Gdynia Orłowo,Q3428937,Гдыня Орлова,Гдиня Орлова,
node/674067535,Gębarzewo,,Гембажево,Ґембажево,
node/2477849748,Gierałtów Wykroty,Q9267946,Гералтув Выкроты,Гералтув Викроти,
node/3446384121,Gierwaty,Q9267965,Гервати,Ґервати,
node/1826748640,Giżycko,Q967053,Гижицко,Гіжицько,
node/268984037,Głębokie Międzyrzeckie,,Глембоке Мендзыжеске,Глембоке Мендзижеске,
node/2987517884,Gliwice,Q583287,Гливице,Глівіце,
node/3357286930,Głogów,Q2111496,Глогов,Глогов,
node/2739803529,Głogów Małopolski,Q2362240,Глогов Малопольский,Глогов Малопольський,
node/2147445172,Głogów Wróblin,Q11837983,Глогов Врублин,Глогов Врублін,
node/2147034366,Głogówek,,Глогувек,Глогувек,
node/1600093961,Głowno,,Гловно,Гловно,
node/5599160205,Głuchołazy,,Глухолазы,Глухолази,
node/2258543062,Głuchołazy Miasto,,Глухолазы Город,Глухолази Місто,
node/2075304008,Głuszyca,Q2014259,Глушица,Глушица,
node/2075295185,Głuszyca Górna,,Глушиця-Гурна,Ґлушиця-Ґурна,
node/253321767,Gniewkowo,Q2668852,Гневково,Гневково,
node/674044770,Gniezno,Q2304534,Гнезно,Гнезно,
node/635971741,Gniezno Wąskotorowe,Q9274048,Гнезно Вонскоторове,Гнезно Вонскоторове,
node/1999879399,Godętowo,,Годентово,Годентово,
node/2152111045,Godków,,Годкув,Ґодкув,
node/534727554,Gogolin,,Гоголин,Гоголин,
node/600046450,Gołańcz,,Голаньч,Голаньч,
node/6348562377,Goleniów,,Голенюв,Голенюв,
node/655416961,Goleszów,Q3011028,Голешув,Голешув,
node/476214898,Gołotczyzna,,Голотчижна,Голотчижна,
node/2153543578,Gołubie Kaszubskie,,Голубе Кашубске,Голубе Кашубске,
node/2183750243,Gomunice,,Гомунице,Гомуніце,
node/2499512824,Góra Kalwaria,Q2202213,Гура-Кальвария,Гура-Кальварія,
node/2147428978,Górażdże,,Гураждже,Гураждже,
node/1874629583,Górki Noteckie,Q2159122,Гурки-Нотецьке,Ґуркі-Нотецькі,
node/2152141847,Górki Pomorskie,,Гурки Поморские,Гуркі Поморські,
node/3201198760,Gorlice,Q2565733,Горлице,Горліце,
node/3200869806,Gorlice Zagórzany,Q1991389,Горлице Загужане,Горлице Загужане,
node/2157570192,Górowo,,Гурово,Гурово,
node/404771752,Gorzanów,,Гожанув,Гожанув,
node/634988100,Gorzkowice,,Гожковице,Гожковіце,
node/2050000245,Gorzów Wielkopolski,,Гожув Велькопольский,Гожув Велькополський,
node/1999877405,Gościcino Wejherowskie,,Гощчичино Вейхеровское,Гощчичино Вейхеровске,
node/499908494,Gostynin,Q2358237,Гостынин,Гостинін,
node/3680257925,Goświnowice,,Госьвиновице,Ґосьвіновіце,
node/6707911168,Goszczowice,,Гощовице,Гощовице,
node/2003311924,Grabowno Wielkie,,Грабовно-Велике,Ґрабовно-Велике,
node/3461610491,Grabowo,,Грабово,Грабово,
node/1848573474,Grajewo,,Граево,Граєво,
node/476214867,Gralewo,,Гралево,Ґралево,
node/2003316757,Granowiec,,Грановец,Грановец,
node/254613392,Granowo Nowotomyskie,,Граново Новотомыске,Граново Новотомыске,
node/2147441777,Grębocice,,Грембочице,Грембочіце,
node/2211645275,Grębów,Q746564,Грембув,Грембув,
node/2181042628,Gregorowce,,Григоровце,Григорівці,
node/1414639455,Grodków Śląski,,Гродкув-Слёнски,Гродкув-Сльонський,
node/3455523757,Grodzisk Mazowiecki,Q2673866,Гродзиск-Мазовецкий,Гродзіск-Мазовецкий,
node/371098784,Grodzisk Mazowiecki Radońska,Q1892575,Гродзиск-Мазовецкий Радоньская,Гродзіск-Мазовецкий Радонська,
node/254615866,Grodzisk Wielkopolski,,Гродзиск-Велькопольский,Гродзиск-Велькополський,
node/2211706633,Grodzisko Dolne,Q9276480,Гродзиско Дольне,Гродзіско Дольне,
node/639327527,Gromnik,,Громнік,Громник,
node/3820920395,Gronowo Elbląskie,,Гроново Эльблонске,Гроново Ельблонське,
node/3831584572,Grudziądz,,Грудзёндз,Ґрудзьондз,
node/587581915,Grudziądz Mniszek,Q9281113,Груджондз Мнишек,Груджьондз Мнішек,
node/3832238553,Grudziądz Owczarki,,Груджондз Овчарки,Груджьондз Овчарки,
node/1917402130,Grupa,,Група,Група,
node/1032086549,Grybów,,Грыбув,Грибів,
node/1377223937,Gryfice,,Грыфице,Грифиці,
node/1422469311,Gryfice Wąskotorowe,,Грыфице Вонскоторове,Грифиці Вонскоторове,
node/283566646,Gryfino,,Грыфино,Грифіно,
node/2146200605,Gryfów Śląski,,Грыфув-Слёнский,Грифув-Шльонський,
node/1550409376,Grzmiąca,,Гжмьонца,Ґжмйонца,
node/246688087,Hajnówka,Q2066345,Хайнувка,Хайнувка,
node/1271332385,Hajnówka-Topiło,,Хайнувка-Топило,Хайнувка-Топіло,
node/2330638767,Hartowiec,,Гартовец,Гартовець,
node/564634911,Hel,,Хель,Хель,
node/487097036,Henryków,Q2554685,Хенрикув,Генрикув,
node/3206327164,Herby Nowe,Q3204971,Хербы Нове,Герби Нове,
node/3206235321,Herby Stare,Q2694356,Хербы Старе,Герби Старе,
node/661286126,Horyniec Zdrój,Q2144467,Горинец-Здруй,Горинець-Здруй,
node/661305363,Hrebenne,Q3375018,Гребенне,Гребенне,
node/3517222435,Hrubieszów Miasto,Q2795283,Грубешув Място,Грубешув Място,
node/3546575986,Hurko,,Хурко,Хурко,
node/597568110,Iława Główna,,Илава Глувна,Ілава Глувна,
node/597666487,Iława Miasto,,Илава Място,Ілава Място,
node/476211473,Iłowo,,Илово,Ілово,
node/2333184992,Imbramowice,,Ибрамовице,Імбрамовіце,
node/392941037,Imielin,,Имелин,Імєлін,
node/3390290598,Imielin,Q638954,Имелин,Імєлін,
node/811380395,Inowrocław,Q11712657,Иновроцлав,Іновроцлав,
node/7995732580,Inowrocław Mątwy,,Иновроцлав Монтвы,Іновроцлав Монтви,
node/2859694377,Inowrocław Rąbinek,,Иновроцлав Ронбинек,Іновроцлав Ронбінек,
node/2435883937,Iwin,,Ивин,Івін,
node/587592937,Jabłonowo Pomorskie,,Яблоново Поморское,Яблоново Поморське,
node/2506857442,Jackowice,Q2955880,Ясковице,Яцковіце,
node/1842499321,Jaksice,,Яскице,Яксіце,
node/2954216356,Jakubowice,,Якубовице,Якубовіце,
node/2355724019,Janikowo,,Яниково,Яніково,
node/1873562390,Janinów,,Янинув,Янінув,
node/3760026008,Jankowa Żagańska,,Янково Жаганская,Янкова Жаганська,
node/253705244,Jankowo Dolne,,Янково Дольне,Янково Дольне,
node/2152301235,Jankowo Pomorskie,,Янково Поморское,Янково Поморське,
node/3425723107,Janowice Wielkie,,Яновице Вельке,Янковіце Великі,
node/3045798443,Janowiec Wielkopolski,,Яновец Велькопольский,Янков'єц Велькополські,
node/3190306953,Jarochów,,Ярохув,Ярохув,
node/3203653735,Jarocin,Q11720724,Ярочин,Яроцін,
node/48314193,Jarosław,Q2316035,Ярослав,Ярослав,
node/2187720119,Jaroszowiec Olkuski,,Ярошовец Олькуский,Ярошовець Олькускі,
node/2147118704,Jasienica Dolna,Q1844094,Ясеница Долна,Ясеніца Дольна,
node/6702756934,Jasionna,,Ясённа,Ясіонна,
node/2209132733,Jasło,Q2150653,Ясло,Ясло,
node/3195588919,Jasło Niegłowice,Q2868392,Ясло Негловице,Ясло Негловіце,
node/564324653,Jastarnia,Q1906643,Ястарня,Ястарня,
node/1358654400,Jastrowie,,Ястрове,Ястров'є,
node/368143772,Jastrząb,Q2187029,Ястшомб,Ястшомб,
node/2180366763,Jastrzębna,,Ястшембна,Ястшембна,
node/1802786638,Jaszczów,Q2509712,Ящув,Ящув,
node/2126723884,Jawor,,Явор,Явор,
node/599222835,Jaworzno Ciężkowice,,Явожно-Ценжковице,Явожно-Ценжковіце,
node/1587252220,Jaworzno Szczakowa,,Явожно Щакова,Явожно Щакова,
node/3683522126,Jaworzyna Śląska,,Явожина Шльонска,Явожина Шлёнска,
node/2209143811,Jedlicze,Q2198434,Едличе,Єдліче,
node/1805179043,Jedlnia Letnisko,Q2630307,Едльня-Летниско,Єдльня-Летниско,
node/3457944096,Jędrzejów,,Енджеюв,Єнджеюв,
node/2122420639,Jędrzejów Wąskotorowy,,Енджеюв Вонскоторови,Єнджеюв Вонскоторови,
node/4053103453,Jędrzychowice,,Енджиховице,Єнджиховіце,
node/476211488,Jeglia,,Егля,Єґля,
node/1508748545,Jelcz Laskowice,,Ельч Ласковице,Єльч Ласковіце,
node/1642733781,Jelenia Góra,Q1978260,Еленя-Гура,Єленя Ґура,
node/1038540783,Jelenia Góra Zachodnia,,Еленя-Гура Запад,Єленя Ґура Захід,
node/2183624962,Jeleśnia,,Елесьня,Єлесьня,
node/570793242,Jerzmanice Lubuskie,,Ежманице Лубуське,Єжманіце Лубуські,
node/2146202129,Jerzmanki,,Ержманки,Єжманкі,
node/1999888160,Jezierzyce Słupskie,,Ежежице Слупске,Єжєжице Слупскє,
node/2184497145,Jordanów,,Йорданув,Йорданув,
node/2187751628,Julianka,,Юлянка,Юлянка,
node/3390283399,Kabaty,Q639716,Кабаты,Кабати,
node/2854765197,Kaczory,,Качори,Качоры,
node/2182789697,Kaczyce,,Качице,Качице,
node/2147457807,Kąkolewo,,Конколево,Конколево,
node/476216959,Kałęczyn,Q2195197,Каленчын,Каленчин,
node/652833663,Kalety,,Калети,Калети,
node/2153568207,Kaliska,,Калиска,Каліска,
node/2134667870,Kaliska Kujawskie,,Калиска Куявске,Каліска Куявскє,
node/3459064660,Kalisz,Q729516,Калиш,Каліш,
node/845550789,Kalisz Pomorski,,Калиш Поморски,Каліш Поморскі,
node/551582982,Kalwaria Zebrzydowska Lanckorona,,Кальвария Зебжидовская Ланцкорона,Кальваріа Зебжидовска Ланцкорона,
node/687784817,Kaly,,Калы,Кали,
node/1423078491,Kamień Pomorski,,Камень-Поморский,Камінь-Поморський,
node/412258495,Kamienna Góra,,Каменна-Гура,Каміенна-Ґура,
node/2209015728,Kamionka Wielka,,Камёнка-Велька,Каміонка-Велика,
node/1752936588,Kańczuga,Q579929,Каньчуга,Каньчуґа,
node/1746642544,Karczmiska Wąskotorowe,,Карчмиска Воскоторове,Карчміска-Вонскоторове,
node/1472963338,Karłowice,,Карловице,Карловіце,
node/3856585929,Kartuzy,,Картузы,Картузи,
node/1375539207,Karwice,,Карвице,Карвіце,
node/3246621282,Katowice,Q800992,Катовице,Катовіце,
node/2181332758,Katowice Ligota,Q2229374,Катовице Лигота,Катовіце Ліґота,
node/2217985789,Katowice Zawodzie,,Катовице Заводзе,Катовіце Заводзе,
node/295978866,Kąty Wrocławskie,Q11751990,Конты Вроцлавськи,Конти Вроцлавські,
node/1474080945,Kawcze,,Кавче,Кавче,
node/2429010733,Kcynia,,Кциня,Кциня,
node/331033657,Kędzierzyn-Koźle,,Кендзежин-Козле,Кендзежин-Козле,
node/1508480102,Kępno,Q2553279,Кемпно,Кемпно,
node/2132202328,Kętrzyn,,Кентшин,Кентшин,
node/559409444,Kęty,,Кенти,Кенты,
node/1953748941,Kielce,Q11738980,Кельце,Кельце,
node/2210361337,Kielce Białogon,Q11738982,Кельце Бялогон,Кельце Бялогон,
node/3483644246,Kielce Herbskie,Q2480911,Кельце Нербске,Кельце Нербске,
node/1666655858,Kłaj,,Клай,Клай,
node/2172312557,Klemensów,Q11740002,Клеменсув,Клеменсув,
node/6348562381,Kliniska,,Клиниска,Клініска,
node/3393520439,Kłodawa,Q11752117,Клодава,Клодава,
node/1854218754,Kłodzko Główne,Q2510706,Клодзко Главный,Клодзко Головний,
node/3455641806,Kłomnice,,Кломніце,Кломнице,
node/296132852,Kluczbork,,Ключборк,Ключборк,
node/3716813411,Knurów,,Кнурув,Кнурув,
node/2180230512,Knyszyn,Q5761723,Кнышин,Книшин,
node/600046474,Kobylec,,Кобылець,Кобилець,
node/2478042452,Kobylin,Q2186005,Кобылин,Кобилін,
node/5020811365,Kobylnica,,Кобыльница,Кобильніца,
node/973681559,Kochanowice,,Кохановіце,Кохановіце,
node/2396268020,Kochanówka Pustków,Q3387232,Коханувка Пусткув,Коханувка Пусткув,
node/3514635676,Kolbuszowa,Q2501451,Кольбушова,Кольбушова,
node/2109441456,Koło,Q2476803,Коло,Коло,
node/3006832228,Kołobrzeg,,Колобжег,Колобжег,
node/1587065833,Kołodziejewo,,Колодзеєво,Колодзеево,
node/2183694742,Koluszki,Q5956689,Колушки,Колушкі,
node/3238779953,Komańcza,Q11741438,Команьча,Команьча,
node/3472193515,Komorów,Q2073853,Коморув,Коморув,
node/2455982001,Komprachcice,Q2314212,Компрахчице,Компрахчіце,
node/1248669374,Koniecpol,,Конесполь,Конесполь,
node/29830753,Konin,Q1978193,Конин,Конін,
node/476214484,Konopki,Q2695979,Конопки,Конопкі,
node/3440817438,Końskie,Q2924208,Коньске,Конське,
node/587577018,Kornatowo,Q2307395,Корнатово,Корнатово,
node/1860841465,Korsze,,Корше,Корше,
node/413385255,Kościan,Q3162783,Косьцян,Косцян,
node/3779500396,Kościerzyna,,Косцежина,Косцежина,
node/2210334301,Kostomłoty,,Костомлоты,Костомлоти,
node/2151489736,Kostów,,Костув,Костув,
node/433238973,Kostrzyn,,Костшин,Костшин,
node/29832391,Kostrzyn Wielkopolski,Q2866902,Костшин Велькопольськи,Костшин Велькопольські,
node/293360032,Koszalin,,Кошалин,Кошалін,
node/985371615,Koszalin Wąskotorowy,,Кошалин Вонскоторовы,Кошалін Вонскоторови,
node/313085196,Koszęcin,,Кошенчин,Кошенчін,
node/2003325756,Kotlin,,Котлин,Котлін,
node/2003081600,Kotomierz,,Котомеж,Котомеж,
node/1594808965,Kowalewo Pomorskie,,Ковалево Поморске,Ковалево Поморське,
node/2152094449,Kowalów,,Ковалув,Ковалув,
node/2147449659,Koźla Kożuchowska,,Козля Кожуховска,Козля Кожуховська,
node/2042630586,Kozłów,,Козлув,Козлув,
node/4061111383,Koźmin Wielkopolski,,Кожмин Велькопольски,Кожмін Велькопольскі,
node/2184468885,Kozy,,Козы,Кози ,
node/2153518483,Krajenka,,Краенка,Краєнка,
node/48522023,Kraków Batowice,Q2937340,Краков Батовице,Краків Батовіце,
node/598669907,Kraków Bieżanów,Q2569196,Краков Бежанув,Краків Бежанув,
node/3555929714,Kraków Bonarka,Q11747926,Краков Бонарка,Краків Бонарка,
node/206270454,Kraków Główny,Q2154725,Краков Главный,Краків Головний,
node/41943557,Kraków Mydlniki,Q2328335,Краков Мыдлинки,Краків Мидлнікі,
node/206270914,Kraków Płaszów,Q3077203,Краков Плашув,Краків Плашув,
node/29830683,Kramsk,Q11747949,Крамск,Крамск,
node/253326650,Kraski,Q3261866,Краски,Краскі,
node/1604289498,Kraśnik,Q2318408,Красник,Красник,
node/2172332122,Krasnystaw Fabryczny,Q2443794,Красныслав Фабрычный,Краснислав Фабричний,
node/1789651952,Krobia,,Кробя,Кробя,
node/4054764600,Krośnice,Q2039271,Кроснице,Кросніце,
node/476214467,Krośnice Mazowieckie,Q2195606,Кроснице Мазовецкое,Кросніце Мазовецьке,
node/1973406608,Krośnice Wąskotorowe,,Кроснице Вонскоторове,Кросніце Вонскоторове,
node/562750842,Krosno,Q2204643,Кросно,Кросно,
node/2876051983,Krosno Odrzańskie,,Кросно Оджаньске,Кросно Оджанське,
node/1102752023,Krotoszyn,,Кротошин,Кротошин,
node/2180974574,Krusze,,Круче,Круче,
node/3309433504,Krynica Zdrój,,Крыница Здруй,Криниця Здруй,
node/1880603781,Krzepice,Q1982469,Кжепице,Кжепіце,
node/1749572286,Krzepów,Q2336266,Кжепув,Кжепув,
node/1661872853,Krzeszowice,Q11748984,Кжешовице,Крешовиці,
node/2106970215,Krzewie,Q2769446,Кшеве,Кшеве,
node/2805181605,Krzewina Zgorzelecka,,Кшевина Згожелецкая,Кшевіна Згожелецка,
node/7998760884,Krzywe,,Кшиве,Кшиве,
node/2152116106,Krzywin Gryfiński,,Кживин Грыфинский,Кживін Грифінський,
node/2151490923,Krzywizna,,Кшивизна,Кшивізна,
node/727366743,Krzyż,Q2188798,Кжиж,Кжиж,
node/5907821373,Księcia Janusza,Q28674112,Ксенця Януша,Ксенця Януша,
node/2147118072,Kubice,Q2463667,Кубице,Кубіце,
node/637065353,Kudowa-Zdrój,Q11750759,Кудова-Здруй,Кудова-Здруй,
node/2211653020,Kunów,,Кунув,Кунув,
node/2148317853,Kursko,,Курско,Курско,
node/3456935411,Kutno,,Кутно,Кутно,
node/331033627,Kuźnia Raciborska,,Казна Рациборская,Казня-Раціборска,
node/289685110,Kuźnica (Hel),Q2261348,Кузница (Хель),Кузніца (Хель),
node/3312550572,Kuźnica Białostocka,,Кузница Белостоцкая,Кузніца Белостоцька,
node/3832439533,Kwidzyn,,Квидзын,Квідзин,
node/3589907034,Lachowice,,Лаховице,Ляховіце,
node/2157505490,Łąck,Q11838577,Лонцк,Лонцьк,
node/2945844144,Łączna,,Лончна,Лончна,
node/5599311733,Łambinowice,Q9393980,Ламбиновице,Ламбіновіце,
node/3535835440,Łańcut,Q4486619,Ланьцут,Ланьцут,
node/3293181207,Łapy,Q2336765,Лапы,Лапи,
node/1908157897,Las Suwalski,,Лас Сувальски,Лас Сувальські,
node/2184502248,Lasek,,Ласек,Лясек,
node/1509858521,Łask,,Ласк,Ласк,
node/1237081891,Laski Lubuskie,,Ласки-Любуские,Ляскі-Любуські,
node/2147434646,Laskowice Oleskie,,Ласковице Олеское,Ласковіце Олеське,
node/3655615069,Laskowice Pomorskie,,Ласковице Поморское,Ласковіце Поморське,
node/3459106392,Lasocice,,Ласочице,Ласочиці,
node/2183797049,Łazy,,Лазы,Лази,
node/563273123,Łeba,Q2198361,Леба,Леба,
node/293143821,Lębork,,Ленборк,Ленборк,
node/29830409,Łęczyca,Q929283,Ленчица,Ленчиця,
node/3458200366,Legionowo,Q2239876,Легионово,Легіоново,
node/3421284258,Legionowo Piaski,Q3143040,Легионово Пяски,Легіоново Пяски,
node/2627870779,Legnica,Q801070,Легница,Легниця,
node/2151489190,Łęka Opatowska,,Ленка-Опатовска,Ленка-Опатовська,
node/3342080313,Leńcze,Q2264748,Леньче,Леньче,
node/2511660823,Leszczyny,,Лещины,Лещини,
node/618850607,Leszno,Q11755171,Лешно,Лешно,
node/2146571331,Leszno Górne,,Лешно Гурне,Лешно Гурне,
node/2147448230,Letnica,,Летница,Летниця,
node/1486202200,Łętownia,,Лентовня,Лентовня,
node/2181049410,Lewickie,,Левицкое,Левицьке,
node/2147015582,Lewin Brzeski,,Левин-Бжески,Левін-Бжеський,
node/1727093864,Leżajsk,Q2571659,Лежайск,Лежайськ,
node/1804935363,Libiąż,,Либёнж,Лібйонж,
node/2211690677,Lipa,Q2487369,Липа,Липа,
node/2872332514,Lipie Góry,Q4484656,Липие-Гуры,Ліпе-Ґури,
node/2154815109,Lipinki,,Липинки,Ліпінкі,
node/3803636428,Lipka Krajeńska,,Липка-Крайенска,Ліпка-Краєньська,
node/2359059923,Lipno,,Липно,Ліпно,
node/1409881523,Lipowa Śląska,Q3440397,Липова-Слёнска,Ліпова-Сльонська,
node/2153572360,Lipowa Tucholska,,Липова-Тухольска,Ліпова-Тухольська,
node/1865639307,Lipusz,,Липуш,Ліпуш,
node/243797124,Lisów,,Лишув,Лішув,
node/293360029,Łobez,,Лобез,Лобез,
node/1596777158,Łochów,,Лохув,Лохув,
node/1494055816,Łódź Chojny,Q940290,Лодзь Хойны,Лодзь Хойни,
node/4304797718,Łódź Fabryczna,Q801687,Лодзь Фабрычна,Лодзь Фабрична,
node/1974456578,Łódź Kaliska,Q2025255,Лодзь Калиска,Лодзь Каліска,
node/60122372,Łódź Lublinek,Q1885900,Лодзь Люблинек,Лодзь Люблінек,
node/4176079485,Łódź Widzew,Q1940317,Лодзь Видзев,Лодзь Відзев,
node/3329212910,Łódź Żabieniec,Q3088550,Лодзь Жабинец,Лодзь Жаб'єнець,
node/2152265061,Lotyń,,Лотынь,Лотинь,
node/2208989479,Łowczówek Pleśna,,Ловчувек Плесьна,Ловчувек Плесьна,
node/1277279650,Łowicz Główny,Q2105724,Лович Глувны,Ловіч Головний,
node/2517728067,Łowicz Przedmieście,Q2609784,Лович Предместье,Ловіч Передмістя,
node/1745590027,Lubaczów,Q11762952,Любачув,Любачув,
node/2484526342,Lubajny,,Любайны,Любайни,
node/459395485,Lubań Śląski,Q801122,Любань Силезский,Любань Шльонскі,
node/2147451666,Lubanice,,Любанице,Любаніце,
node/2216186682,Lubartów,Q130633,Любартув,Любартув,
node/1167180399,Lubicz,,Любич,Любіч,
node/2148329093,Lubiechnia Mała,,Любехня Мала,Люб'єхня Мала ,
node/1824645087,Lubiewo,Q4848596,Любево,Люб'єво,
node/5356872372,Lubin,,Любин,Люблін,
node/3457415162,Lublin Główny,Q1862048,Люблин Глувны,Люблін Головний,
node/2970890279,Lublin Zemborzyce,Q2135757,Люблин Зембожице,Люблін Зембожице,
node/3487315240,Lubliniec,Q2192556,Люблинец,Люблінець,
node/150666768,Luboń koło Poznania,Q11763184,Любонь коло Познани,Любонь біля Познані ,
node/2075266585,Ludwikowice Kłodzkie,Q11764036,Людковице Клодске,Людвіковіце Клодзке,
node/3484546880,Ludynia,,Людыня,Людиня,
node/540891881,Ługi Górzyckie,,Луги Гужицке,Луґі Гужицьке,
node/3446483073,Łuków,Q2072623,Лукув,Лукув,
node/2210289640,Łuków Łapiguz,Q2099875,Лукув Лапигуз,Лукув Лапігуз,
node/3202862531,Łupków,Q2328149,Лупкув,Лупкув,
node/2840496907,Lutol Suchy,,Лутоль Сухы,Лутоль Сухи,
node/3787447474,Luzino,,Лузино,Лузіно,
node/3308220992,Machnacz,,Махнач,Махнач,
node/1406352358,Majdan,,Майдан,Майдан,
node/2184484187,Maków Podhalański,,Макув Подхалянский,Маків Подгалянський,
node/34071047,Maksymilianowo,Q3177848,Максимилианово,Максиміляново,
node/3820647726,Malbork,,Мальборк,Мальборк,
node/1304619189,Malbork Kałdowo,,Мальборк Калдово,Мальборк Калдово,
node/266565814,Malczyce,Q4309810,Мальчице,Мальчице,
node/413568260,Małdyty,,Малдиты,Малдити,
node/3275141671,Małkinia,Q2575361,Малкиня,Малкіня,
node/3484244101,Małogoszcz,Q4637524,Малогощ,Малогощ,
node/2086184126,Małomice,,Маломице,Маломіце,
node/413329406,Małowice Wołowskie,Q2447517,Маловице Воловске,Маловіце Воловське,
node/449377930,Maltanka,Q2655858,Мальтанка,Мальтанка,
node/2147118141,Mańkowice,Q2787003,Маньковице,Маньковіце,
node/1963047033,Marcinkowo,,Марчинково,Марчінково,
node/4014521900,Marciszów,Q1961533,Марчишув,Марчішув,
node/291414851,Marymont,Q638585,Марымонт,Маримонт,
node/3546814022,Medyka,,Медыка,Медика,
node/587588222,Mełno,,Мелно,Мелно,
node/3457936668,Miąsowa,,Мёнсова,Міонсова,
node/1474080473,Miastko,Q2257939,Мястко,Мястко,
node/2309605127,Miechów,,Мехув,Мєхув,
node/3660319134,Międzybórz Sycowski,,Мендзыбуж Сыцовски,Мєндзибуж Сицовскі,
node/570690098,Międzylesie,,Мендзылесе,Мєндзилесе,
node/3456211547,Międzyrzec Podlaski,Q2192404,Мендзыжец-Подляски,Мєндзижец Подляскі,
node/268984101,Międzyrzecz,,Мендзыжеч,Мєндзижеч,
node/1588340145,Miękinia,,Менкиня,Мєнкіня,
node/568932065,Mielec,Q1996019,Мелец,Мєлец,
node/4235273669,Mieroszów,Q1843387,Мерошув,Мєрошув,
node/826919336,Mieszków,,Мешкув,Мєшкув,
node/2152106201,Mieszkowice,,Мешковице,Мєшковіце,
node/2154845423,Mikołajki Pomorskie,,Миколайки Поморские,Міколайкі Поморські,
node/1648519064,Mikołów,,Миколув,Міколув,
node/266913785,Milicz,Q2550065,Милич,Міліч,
node/2003255314,Miłkowice,Q2774171,Милковице,Мілковіце,
node/846881587,Miłosław,,Милослав,Мілослав,
node/3532691894,Milówka,,Милувка,Мілювка,
node/945160902,Minkowice,Q2124760,Минковице,Мінковіце,
node/3456120442,Mińsk Mazowiecki,Q2584037,Миньск-Мазовецки,Мінськ-Мазовецький,
node/4971046908,Mirosław Ujski,Q16577494,Мирослав Уйски,Мирослав Уйски,
node/476214646,Mława,Q941294,Млава,Млава,
node/307389116,Młociny,Q638928,Млоцины,Млоціни,
node/2358291359,Młynary,,Млынары,Млинари,
node/5907821374,Młynów,Q28676558,Млынув,Млинув,
node/6586706975,Modlin,,Модлин,Модлін,
node/230100343,Mogilno,Q2104971,Могильно,Моґільно,
node/1868880799,Mońki,,Моньки,Монькі,
node/252979508,Montowo,Q2368992,Монтово,Монтово,
node/1744502774,Morąg,,Моронг,Моронг,
node/3658655223,Morzeszczyn,,Можещин,Можещин,
node/588394766,Mościsko Dzierżoniowskie,Q2317078,Мощиско Джержоновске,Мощіско Джержоновське,
node/800171847,Mosina,Q2372242,Мосина,Мосіна,
node/3446196807,Mostówka,Q2457043,Мостувка,Мостувка,
node/6702756936,Motkowice,,Мотковице,Мотковиці,
node/1867132481,Motycz,Q2645961,Мотыч,Мотич,
node/4980287748,Motylewo,,Мотылево,Мотилево,
node/3456151227,Mrozy,Q1822634,Мрозы,Мрози,
node/540681228,Mrzezino,,Мжежино,Мжежіно,
node/593356708,Mścice,,Мщчице,Мщчиці,
node/1866234816,Mszana Dolna,,Мшана Дольна,Мшана Дольна,
node/48315155,Munina,Q2692307,Мунина,Мунина,
node/365573207,Murowana Goślina,Q2188624,Мурована Гошлина,Мурована Гошліна,
node/1864491322,Muszyna,,Мушина,Мушина,
node/801050749,Mykanów,,Мыканув,Миканув,
node/2147027994,Myśliczyn,Q2432555,Мысличин,Мислічин,
node/539118751,Mysłowice,,Мысловице,Мисловиці,
node/392941054,Mysłowice Brzezinka,,Мысловице Бжежинка,Мисловиці Бжежінка,
node/1219509577,Myszków,,Мышкув,Мишкув,
node/2152332058,Nakło nad Notecią,,Накло-над-Нотецён,Накло над Нотецею,
node/3046512740,Nakło Śląskie,,Накло Шлёнске,Накло Шльонске,
node/2210300770,Nałęczów,Q769053,Наленчув,Наленчув,
node/9244186279,Nałęczów Wąskotorowy,,Наленчув Вонскоторовы,Наленчув Вонскоторови,
node/2068061164,Namyślin,,Насмыслин,Намислін,
node/295374525,Namysłów,,Намыслув,Намислув,
node/9519153970,Narewka,,Наревка,Наревка,
node/2512803735,Nasielsk,Q2032788,Насельск,Насельськ,
node/2154799445,Naterki,,Натерки,Натеркі,
node/3390290324,Natolin,Q639010,Натолин,Натолін,
node/7995332908,Nędza,,Нендза,Нендза,
node/476251620,Nidzica,,Нидзица,Нідзіца,
node/2147445922,Niedoradz,,Недорадз,Недорадз,
node/1989847597,Niedrzwica,Q2127789,Неджвица,Нєджвіца,
node/2187705499,Niedźwiedź,Q11791476,Недзьведзь,Нєджвєдзь,
node/353355689,Niemojki,Q2323793,Немойки,Нємойкі,
node/8108723157,Nieporaz Oblaszki,,Непораз Облашки,Нєпораз Облашкі,
node/3459325116,Nieszawa Waganiec,,Нешава Ваганец,Нєшава Ваганєц,
node/7376078682,Niezabitów,Q60862347,Незабитув,Нєзабітув,
node/1797714149,Nisko,Q3000683,Ниско,Ніско,
node/1375539213,Nosówko,,Носувко,Носувко,
node/581997591,Nowa Sarzyna,Q11793438,Нова Сажина,Нова Сажина,
node/1013471462,Nowa Sól,,Нова Суль,Нова Суль,
node/9218764912,Nowa Wieś Legnicka,Q2908534,Нова Весь Легницка,Нова Весь Легніцька,
node/703732563,Nowa Wieś Wielka,,Нова Весь Велька ,Нова Весь Велька,
node/435218618,Nowa Wieś Mochy,,Нова Весь Мохы,Нова Весь Мохи,
node/659297109,Nowe Drezdenko,Q2430805,Нове Дрезденко,Нове Дрезденко,
node/2183646401,Nowe Skalmierzyce,,Нове Скальмежице,Нове Скальмежице,
node/442707028,Nowiny Wielkie,,Новины Велке,Новіни Вельке,
node/5007819303,Nowogard,,Новогард,Новоґард,
node/5178831402,Nowogród Osiedle,,Новогруд Жилой Комплекс,Новоґруд Житловий Комплекс,
node/3176886494,Nowosielce,Q2258997,Новосельце,Новосельце,
node/1975838334,Nowy Bieruń,,Новы Берунь,Нови Б'єрунь,
node/592635067,Nowy Dwór Mazowiecki,,Новы Двур Мазовецки,Нови Двур Мазовецькі,
node/475592274,Nowy Sącz,,Новы Сонч,Нови Сонч,
node/3390237898,Nowy Świat-Uniwersytet,Q9183918,Новы Свят — Университет,Нови Свят — Університет,
node/2147029744,Nowy Świętów,,Новы Свентув,Нови Св'єнтув,
node/1773134919,Nowy Targ,,Новы-Тарг,Нови Тарг,
node/3249493765,Nowy Tomyśl,,Новы Томысль,Нови Томисль,
node/2137484614,Nowy Zagórz,,Новы Загуж,Нови Заґуж,
node/2181036578,Nurzec,,Нужец,Нужец,
node/3679909514,Nysa,Q2624642,Ныса,Ниса,
node/302221812,Oborniki Śląskie,Q2352126,Оборники-Слёнске,Оборнікі Шльонскі,
node/3580673895,Oborniki Wielkopolskie,Q1976663,Оборники Велькопольские,Оборнікі Велькопольські,
node/1843449477,Okmiany,Q3458138,Окмяны,Окмяни,
node/1642587818,Okonek,,Оконек,Оконек,
node/1873556884,Okrzeja,Q2718712,Окжея,Окшея,
node/242360270,Oława,Q2183707,Олава,Олава,
node/1198373854,Olecko,,Олецко,Олеско,
node/295374333,Oleśnica,,Олесница,Олесніца,
node/1394682731,Olkusz,,Олькуш,Олькуш,
node/2147018705,Olszanka,,Ольшанка,Ольшанка,
node/131851982,Olsztyn Główny,,Ольштын-Главный,Ольштин Головний,
node/1270332393,Olsztyn Gutkowo,,Ольштын Гутково,Ольштин Ґутково,
node/1492743827,Olsztynek,,Ольштынек,Ольштинек,
node/506544251,Olza,Q2515783,Ольза,Ольза,
node/3457117468,Opalenica,,Опаленица,Опаленіца,
node/3459062082,Opatówek,,Опатувек,Опатувек,
node/683196836,Opoczno,Q2090176,Опочно,Опочно,
node/3138262522,Opoczno Południe,,Опочно Юг,Опочно Полуднє,
node/2147123515,Opole Chmielowice,Q2216557,Ополе Хмеловице,Ополе Хмєловіце,
node/1508653305,Opole Czarnowąsy,Q2185843,Ополе Чарновонсы,Ополе Чарновонси,
node/3374664234,Opole Główne,Q801305,Ополе Главный,Ополе Головний,
node/818753860,Opole Groszowice,Q2017555,Ополе Грошовице,Ополе Ґрошовіце,
node/1660310729,Opole Lubelskie Wąskotorowe,,Ополе Лубельске Вонскоторове,Ополе Любельське Вонскоторове,
node/2323506652,Opole Wschodnie,Q2191080,Ополе Восточный,Ополе Східний,
node/704323428,Orchowo,,Орхово,Орхово,
node/2154421802,Orneta,,Орнета,Орнета,
node/846881628,Orzechowo,,Ожехово,Ожехово,
node/693464214,Orzesze,,Ожеше,Ожеше,
node/693464172,Orzesze Jaśkowice,,Ожеше Яськовице,Ожеше Яськовіце,
node/3874298280,Orzysz,Q933999,Ожишь,Ожиш,
node/1603430669,Osie,,Осе,Осє,
node/2184491843,Osielec,,Оселець,Оселець,
node/1124808595,Osowiec,Q1821246,Осовец,Осовець,
node/2147433484,Osowiec Przystanek,,Осовец Остановка,Осовець Зупинка,
node/2154860874,Ostaszewo Toruńskie,,Осташево Торуньське,Осташево Торунське,
node/1706080806,Ostróda,Q423553,Оструда,Оструда,
node/3446438178,Ostrołęka,Q2147349,Остроленка,Остроленка,
node/528526130,Ostrów Wielkopolski,,Острув Велькопольски,Острув Велькопольські,
node/3441021752,Ostrowiec Świętokrzyski,,Островец Шветокжиски,Островець Св'єнтокшискі,
node/2154817220,Ostrowite koło Jabłonowa,,Островите коло Яблонова,Островіце біля Яблонова,
node/2157495414,Ostrowy,,Островы,Острови,
node/3194983999,Ostrzeszów,Q11800815,Остжешув,Отрешув,
node/529102526,Oświęcim,Q2735909,Освенцим,Освенцим,
node/1477806471,Otłoczyn,Q2982467,Отлочин,Отлочин,
node/1472892477,Otmice,Q1942464,Отмице,Отміце,
node/2555343793,Otmuchów,,Отмухув,Отмухув,
node/2498471446,Otwock,Q612691,Отвоцк,Отвоцк,
node/1469878720,Ożarów Mazowiecki,Q2291601,Ожарув-Мазовецкий,Ожарув Мазовецькі,
node/1509817895,Ozimek,,Озимек,Озімек,
node/29830362,Ozorków,Q2184207,Озоркув,Озоркув,
node/7164421348,Pabianice,,Пабьянице,Паб'яніце,
node/2555343772,Paczków,Q2324773,Пачкув,Пачкув,
node/3660365406,Paczyna,,Пачина,Пачина,
node/3457097957,Palędzie,,Паленджье,Палендзе,
node/1728319126,Panki,,Панки,Панкі,
node/2148305255,Panowice,,Пановице,Пановіце,
node/1908157898,Papiernia,,Паперня,Паперня,
node/1352348934,Papowo Toruńskie,,Папово Торуньське,Папово Торунське,
node/2986770198,Paproć,,Папрочь,Папроть,
node/3446672509,Parczew,Q2703658,Парчев,Парчев,
node/3655523333,Parlin,,Парлин,Парлін,
node/2152134209,Parłówko,,Парлувко,Парлувко,
node/3446342243,Pasieki,Q11813255,Пащеки,Пащекі,
node/3761885333,Pasłęk,,Пасленк,Пасленк,
node/1341299321,Pasym,,Пасым,Пасим,
node/2183604144,Pątnów Wieluński,,Понтнув Велуньски,Понтнув Велунські,
node/1910843340,Pawonków,,Пановкув,Павонкув,
node/5673006078,Pęckowo,Q2081866,Пенцково,Пенцково,
node/3658704141,Pelplin,,Пельплин,Пельплін,
node/1789651956,Pępowo,,Пемпово,Пемпово,
node/3414847579,Piaseczno,Q1916762,Пясечно,Пясечно,
node/339889076,Piaseczno Miasto Wąskotorowe,,Пясечно Място Вонскоторове,Пясечно М'ясто Вонскоторове,
node/560773006,Piechowice,,Пеховице,Пєховіце,
node/655388129,Pierściec,,Перщчень,Пєрщець,
node/8920604618,Pierzyska,,Пежиска,Пєжиска,
node/2154807968,Pikus,,Пикус,Пікус,
node/3459469757,Piła Główna,,Пила Главная,Піла Головний,
node/359821935,Pilawa,Q3054924,Пилава,Пілава,
node/1744509719,Piława Górna,Q2749990,Пилава-Гурна,Пілава-Ґурна,
node/2122388577,Pińczów,,Пиньчув,Піньчув,
node/3444648714,Pionki,Q2184980,Пёнки,Пйонкі,
node/3649134453,Piotrków Kujawski,,Пётркув Куявски,Пйотркув Куявські,
node/1864585459,Piotrków Trybunalski,,Пётркув Трыбуналски,Пйотркув Трибунальські,
node/1846149948,Pisz,Q1977945,Пишь,Піш,
node/1864119760,Piwniczna,,Пивнична,Північна,
node/3615569910,Plac Wilsona,Q639707,Плац Вильсона,Пляц Вільсона,
node/353355690,Platerów,Q2490450,Платерув,Плятерув,
node/2002363570,Pleszew,,Плешев,Плешев,
node/1600324202,Pleszew Miasto,,Плешев Място,Плешев Місто,
node/1600324201,Pleszew Wąskotorowy,,Плешев Вонскоторовы,Плешев Вонскоторови,
node/465618871,Płociczno Tartak,,Плочично Тартак,Плочічно Тартак,
node/1991734621,Płock,Q2171037,Плоцк,Плоцьк,
node/2157504670,Płock Radziwie,Q2239488,Плоцк Радживе,Плоцьк Радзів'є,
node/1991730283,Płock Trzepowo,,Плоцк Тжепово,Плоцк Тшепово,
node/4930657482,Płocka,Q28673348,Плоцка,Плоцька,
node/2157544325,Płońsk,Q660557,Плоньск,Плонськ,
node/3965041359,Płoty,,Плоты,Плоти,
node/1910843621,Pludry,,Плудры,Плудри,
node/1798106142,Płyćwia,,Плычвя,Плицьвя,
node/2152275590,Płytnica,,Плытница,Плитніца,
node/4034754723,Pobiedziska,,Победзиска,Поб'єдзіска ,
node/4993275504,Podborsko,,Подборско,Подборсько,
node/3556369691,Podbory Skawińskie,Q1886278,Подборы Скавиньске,Подбори Скавінське,
node/3472773035,Podkowa Leśna Główna,Q3493613,Подкова Лешна Главная,Подкова Лесьна Головна,
node/1319296967,Podłęże,,Подленже,Подленже,
node/29832301,Podstolice,Q11820706,Подстолице,Родстоліце,
node/1999886921,Pogorzelice,,Погожелице,Погожеліце,
node/5600204728,Polanica Zdrój,Q4978092,Поланица Здруй,Поляніца Здруй,
node/3390342469,Pole Mokotowskie,Q638899,Поле Мокотовске,Поле Мокотовське,
node/3390361095,Politechnika,Q639024,Политехника,Політехніка,
node/529051019,Ponętów,Q2382421,Понентув,Понентув,
node/2181658941,Poniatowa,Q1854390,Понятова,Понятова,
node/413379633,Poniec,,Понец,Понєц,
node/1508675171,Popielów,,Попелув,Попєлув,
node/3598345461,Poronin,,Поронин,Поронін,
node/1999886942,Potęgowo,,Потенгово,Потенґово,
node/2209058804,Powroźnik,,Поврожник,Поврознік,
node/646734838,Poznań Główny,Q53394,Познань Главный,Познань Головний,
node/6093920531,Prabuty,,Прабуты,Прабути,
node/3601199722,Promno,,Промно,Промно,
node/2180211432,Prostki,,Простки,Просткі,
node/634192026,Prostynia,Q4769712,Простыня,Простиня,
node/1753725163,Pruchna,,Прухна,Прухна,
node/1049606381,Prudnik,Q1989187,Прудник,Пруднік,
node/3878448046,Pruszcz Gdański,,Прущ-Гданьский,Прущ- Ґданські,
node/1002023257,Pruszcz Pomorski,,Прущ-Поморский,Прущ- Поморські,
node/3455517789,Pruszków,,Прушкув,Прушкув,
node/2646230537,Przeciszów,,Пшецишув,Пшечішув,
node/560182965,Przemyśl Główny,Q11829017,Пшемысль-Главный,Перемишль Головний,
node/3446307538,Przetycz,Q11829273,Пжетыч,Пшетич,
node/48311251,Przeworsk,Q2109826,Пжеворск,Пшеворск,
node/3248615463,Przeworsk Wąskotorowy,Q2921904,Пжеворск Вонскоторовы,Пшеворск Вонскоторови,
node/3194987936,Przygodzice,Q2926574,Пшигоджице,Пшиґоджіце,
node/861147982,Przysieka Stara,Q11830204,Пшишека Стара,Пшишєка Стара,
node/3195843674,Przysieki,Q11830203,Пшишеки,Пшишєкі ,
node/1884939450,Przysucha,Q2246810,Пшисуха,Пшисуха,
node/2147431282,Przywory Opolskie,,Пшиворы Ополске,Пшивори Опольськє,
node/1426276090,Pszczółki,,Пшчулки,Пщулкі,
node/2473137378,Pszczyna,,Пшичына,Пщина,
node/2209013976,Ptaszkowa,,Пташкова,Пташкова,
node/254613774,Ptaszkowo Wielkopolskie,,Пташково Велькопольское,Пташково Велькопольське,
node/2152271135,Ptusza,,Птуша,Птуша,
node/2018405967,Puck,,Пуцк,Пуцк,
node/2210299228,Puławy,Q2345889,Пулавы,Пулави,
node/362755538,Puławy Azoty,Q1838036,Пулавы Азоты,Пулави Азоти,
node/1991400827,Puszcza Mariańska,,Пушча Маряньска,Пуща Марянська,
node/3660325975,Pyskowice,,Пысковице,Писковіце,
node/3596454151,Raba Wyżna,,Раба Выжна,Раба Вижна,
node/293360030,Rąbino,,Ромбино,Ромбіно,
node/1863125978,Raciąż,Q2507145,Рачёнж,Рачьйонж,
node/1238299399,Racibory,,Рачиборы,Рачібори,
node/2264796986,Racibórz,,Рачибуж,Рачібуж,
node/3678732201,Racławice Śląskie,,Рацлавице-Сленске,Рацлавіце Шльонскі,
node/3390327068,Racławicka,Q639038,Рацлавицка,Рацлавіцька,
node/1908157896,Raczki,,Рачки,Рачки,
node/570793307,Radnica,,Радница,Радниця,
node/3444788281,Radom Główny,Q2387575,Радом Главный,Радом Головний,
node/3455626075,Radomsko,,Радомско,Радомско,
node/48318510,Radymno,Q785458,Радымно,Радимно,
node/3631478541,Radzionków,,Радзёнкув,Радзьонкув,
node/555381643,Radziszów,Q2261456,Радзишув,Радзішув,
node/348945188,Radzymin,Q2328518,Радзымин,Радзимін,
node/293895320,Rajcza,,Райча,Райча,
node/469817664,Rakoniewice,,Раконевице,Раконевіце,
node/6929754674,Rakowice,,Раковице,Раковіце,
node/6534824813,Raszówka,,Рашувка,Рашувка,
node/35121250,Ratusz Arsenał,Q638595,Ратуш Арсенал,Ратуш Арсенал,
node/3728215842,Rawa Mazowiecka,,Рава Мазовецька,Рава Мазовецька,
node/1773651785,Rawicz,,Равич,Равіч,
node/2146200222,Rębiszów,,Ренбишув,Рембішув,
node/2152135478,Recław,,Рецлав,Рецлав,
node/603749205,Recz Pomorski,Q2494147,Реч Поморски,Реч Поморскі,
node/1518160688,Reda,,Реда,Реда,
node/2154841977,Redaki,,Редаки,Редакі,
node/2172404544,Rejowiec,Q2467096,Рейовец,Рейовець,
node/4960527878,Reptowo,Q1934127,Рептово,Рептово,
node/487787611,Rewal,,Ревал,Ревал,
node/1315590518,Rogów,,Рогув,Рогув,
node/1811191528,Rogów Towarowy Wąskotorowy,Q9311870,Рогув Товаровы Вонскоторовы,Рогув Товарови Вонскоторови,
node/612312822,Rogoźnica,,Рогожница,Рогожніца,
node/2209163529,Rogóżno koło Łańcuta,Q11835149,Рогужно коло Ланьцута,Рогужно коло Ланьцута,
node/2154864738,Rogóźno Pomorskie,,Рогужно Поморске,Рогужно Поморське,
node/3569210405,Rogoźno Wielkopolskie,Q728462,Рогожно Велкопольске,Рогужно Велькопольське,
node/2713790979,Rokiciny,,Рокицины,Рокіцини,
node/2901070774,Rokietnica,Q2442207,Рокетница,Рокитниця,
node/1987792216,Rokita,,Рокита,Рокіта,
node/2146569078,Rokitki,Q3078264,Рокитки,Рокіткі,
node/3390267294,Rondo Daszyńskiego,Q7365567,Рондо Дашиньскего,Рондо Дашинськєґо,
node/3390266492,Rondo ONZ,Q7365568,Рондо ОНЗ,Рондо ОНЗ,
node/3533737256,Ropczyce,,Ропчице,Ропчиці,
node/8349694670,Rozalin,Q9323055,Розалин,Розалін,
node/3457864145,Rożki,Q3179596,Рожки,Рожки,
node/634988098,Rozprza,,Розпша,Розпша,
node/470395319,Ruchocice,,Рухоцице,Руховице,
node/3673281598,Ruda Chebzie,,Руда Хебжье,Руда Хебж'є,
node/2180583859,Ruda-Opalin,,Руда-Опалин,Руда-Опалін,
node/3986093725,Rudna Gwizdanów,,Рудна Гвизданув,Рудна Гвізданув,
node/3535228801,Rudna Wielka,Q1867817,Рудна Велка,Рудна Велька,
node/1983683451,Rudnik nad Sanem,Q920351,Рудник над Санем,Руднік над Санем,
node/3233257675,Rudniki koło Częstochowy,,Рудники коло Ченстоховы,Руднікі коло Ченстохови,
node/3594268087,Rudy,Q9323858,Руды,Руди,
node/2154809573,Rudzienice Suskie,,Руджьенице Суске,Руджениці Суські,
node/2182811812,Rudziniec Gliwicki,,Руджинец Гливицки,Руджінець Глівіцкі,
node/560589574,Rumia,,Румя,Рум'я,
node/293360021,Runowo Pomorskie,,Руново Поморске,Руново Поморське,
node/3512138470,Ruskie Piaski,Q15887045,Руске Пяски,Руське-Пяскі,
node/1870143073,Ruszów,,Рушув,Рушув,
node/2480151502,Rybnik,,Рыбник,Рибник,
node/6547592810,Rybnik Towarowy,,Рыбник Товаровы,Рибник Товарови,
node/476214465,Rybno Pomorskie,,Рыбно Поморске,Рибно Поморське,
node/292408019,Rydułtowy,Q2630080,Рыдултовы,Ридултови,
node/2154869107,Ryjewo,,Рыево,Риєво,
node/3483820507,Rykoszyn,Q2585398,Рыкошин,Рикошин,
node/476214576,Rypin,Q2052174,Рыпин,Рипін,
node/2153564529,Rytel,,Рытел,Ритель,
node/1864085186,Rytro,,Рытро,Ритро,
node/2211691680,Rzeczyca,Q4327695,Жечыца,Жечиця,
node/3258261975,Rzepin,,Жепин,Жепін,
node/3438299348,Rzeszów Główny,Q7385770,Жешув Главный,Жешув Глувни,
node/3393263052,Rzeszów Staroniwa,Q1888354,Жешув Старонива,Жешув Староніва,
node/3371719597,Rzochów,Q3112114,Жохув,Жохув,
node/3832363012,Sadlinki,,Садлинки,Садлінкі,
node/1286830882,Sadowne Węgrowskie,Q2161418,Садовне Венгровске,Садовне Венгровське,
node/2154806716,Samborowo,,Самброво,Самброво,
node/1330365129,Sandomierz,,Сандомеж,Сандомир,
node/3170889521,Sanok,Q599990,Санок,Санок,
node/2157572638,Sątopy Samulewo,,Сонтопы Самулево,Сонтопи Самулево,
node/2147439177,Ścinawa,,Сцинава,Сцинава,
node/1280940818,Ścinawka Średnia,,Сцинавка Средняя,Сцинавка Средня,
node/528524563,Sędzice,Q2315934,Сендзице,Сендзіце,
node/4014398630,Sędzisław,Q2923077,Сендзислав,Сендзіслав,
node/642653767,Sędziszów,,Сендзишув,Сендзішув,
node/571569632,Sędziszów Małopolski,Q2364469,Сендзишув-Малопольски ,Сендзішув-Малопольський,
node/3779188929,Serock,,Сероцк,Сероцьк,
node/2180363214,Sidra,,Сидра,Сідра,
node/3885915223,Siechnice,Q1996656,Сехнице,Сехниці,
node/359467337,Siedlce,Q2596503,Седлец,Седльце,
node/2181036368,Siemiatycze,,Семятыче,Сім'ятичі,
node/3596490397,Sieniawa,,Сенява,Сенява,
node/242095470,Sieradz,Q1859549,Серадз,Серадз,
node/1991727392,Sierpc,Q2786216,Серпц,Серпць,
node/1508442934,Silno,,Сильно,Сільно,
node/417909427,Sitkówka Nowiny,,Ситкувка-Новины,Сіткувка-Новіни,
node/3016218903,Skandawa,Q9337599,Скандава,Скандава,
node/3457876492,Skarżysko-Kamienna,Q2063764,Скаржиско-Каменна,Скаржисько-Каменна,
node/273080751,Skawina,Q2156575,Скавина,Скавіна,
node/2790098495,Skępe,,Скемпе,Скемпе,
node/1375539217,Skibno,,Скибно,Скібно,
node/3455554928,Skierniewice,,Скерневице,Скерневиці,
node/655388096,Skoczów,,Скочув,Скочув,
node/1154540415,Skokowa,Q1849989,Скокова,Скокова,
node/3198649401,Skołyszyn,Q9338126,Сколышин,Сколишин,
node/2147024843,Skoroszyce,,Скорошице,Скорошиці,
node/3440671925,Skrzynki,,Скшинки ,Скшинкі,
node/600047011,Sława Wielkopolska,Q9353029,Слава-Великопольска,Слава-Великопольська,
node/1876249175,Sławięcice,,Славенчице,Славенцице,
node/1585879534,Sławków,,Славкув,Славкув,
node/293360034,Sławno,,Славно,Славно,
node/1958108834,Słodowiec,Q638940,Слодовец,Слодовець,
node/2363719938,Słomniki,Q3090650,Сломники,Сломники,
node/2187741595,Słotwiny,Q3261638,Слотвины,Слотвіни,
node/7760719622,Słupsk,Q2745680,Слупск,Слупськ,
node/3390306374,Służew,Q2499517,Служев,Служев,
node/510885402,Smardzów Wrocławski,Q1860578,Смардзув Вроцлавски,Смардзув Вроцлавський,
node/3658497802,Smętowo,,Сментово,Сментово,
node/2180568612,Sobibór,Q3699257,Собибур,Собібур,
node/2210353167,Sobków,,Собкув,Собкув,
node/2210276355,Sobolew,Q1820377,Соболев,Соболев,
node/2211640327,Sobów,Q3902992,Собув,Собув,
node/1437647361,Sochaczew,Q4464842,Сохачев,Сохачев,
node/502872060,Sochaczew Muzeum,Q2789997,Сохачев Музей,Сохачев Музей,
node/2152312061,Sokoliniec,,Соколинец,Соколінець,
node/3309512444,Sokółka,,Сокулка,Сокулка,
node/3463221385,Sokoły,,Соколы,Соколи,
node/1745193064,Sól,,Суль,Суль,
node/2154830748,Solec Kujawski,,Солец-Куявски,Солець-Куявський,
node/2153544296,Somonino,,Сомонино,Сомоніно,
node/266781738,Sopot,Q7563186,Сопот,Сопот,
node/2003316494,Sośnie Ostrowskie,,Сошне Островске,Сошнє Островське,
node/2115965315,Sosnowiec Dańdówka,Q9339729,Сосновец Даньдувка,Сосновець Даньдувка,
node/3455731172,Sosnowiec Główny,,Сосновец Главный,Сосновець Глувни,
node/1557329529,Sosnowiec Kazimierz,Q2519087,Сосновец Казимеж,Сосновець Казимеж,
node/684107255,Sosnowiec Południowy,,Сосновец Юг,Сосновець Південь,
node/2592224758,Spała,,Спала,Спала,
node/3592705611,Spytkowice,Q9340775,Спытковице,Спитковиці,
node/253705465,Środa Wielkopolska,,Сьрода-Велькопольска,Сьрода-Великопольська,
node/2003330346,Środa Wielkopolska Miasto,,Сьрода-Велькопольска Город,Сьрода-Великопольська Місто,
node/2003330350,Środa Wielkopolska Wąskotorowa,,Сьрода-Велькопольска Вонскоторова,Сьрода-Великопольська Вонскоторова,
node/9519073918,Stacja PKP Dęba Opoczyńska,,Железнодорожная станция Денба Опочиньска,Залізнична станція Денба Опочиньська,
node/3440709011,Stacja PKP Jeleń,,Железнодорожная станция Елень,Залізнична станція Єлень,
node/3390197100,Stadion Narodowy,Q7596321,Стадион Народовы,Стадіон Народови,
node/3157121916,Stalowa Wola Południe,Q2208147,Сталова Воля Юг,Стальова Воля Південь,
node/1202427798,Stalowa Wola Rozwadów,Q7597333,Сталова Воля Розвадув,Стальова Воля Розвадув,
node/2993963457,Stanica Wąskotorowa,Q3451982,Станица Воскоторова,Станіца Вонскоторова,
node/2675058089,Stąporków,Q2569902,Стомпоркув,Стомпоркув,
node/1492960330,Stara Kamienica,,Стара Камениця,Стара Камениця,
node/2152278679,Stara Łubianka,,Стара Лубянка,Стара Лубянка,
node/2174827413,Starachowice Wschodnie,Q4718528,Стараховице Восточные,Стараховиці Східні,
node/496869965,Starczów,Q2116761,Старчув,Старчув,
node/307389114,Stare Bielany,Q638981,Старе Беланы,Старе Бєляни,
node/440869800,Stare Bojanowo,Q599617,Старе Бояново,Старе Бояново,
node/3959661776,Stare Bojanowo Wąskotorowe,,Старе Бояново Вонскоторове,Старе Бояново Вонскоторове,
node/3429822548,Stare Drzewce,,Старе Джевце,Старе Джевце,
node/3620664708,Stare Jabłonki,,Старе-Яблонки,Старе Яблонкі,
node/2157577929,Stare Juchy,Q762278,Старе Юхы,Старе Юхи,
node/1874574329,Stare Kurowo,Q9344045,Старе Курово,Старе Курово,
node/1304624490,Stare Pole,,Старе Поле,Старе Поле,
node/260872674,Stargard,Q9344135,Старгард,Старгард,
node/2147468537,Starkowo,,Старково,Старково,
node/1287900163,Starogard Gdański,,Старогард Гданьский,Старогард-Ґданський,
node/2147023416,Stary Grodków,,Старый Гродкув,Старий Ґродкув,
node/3587471798,Stary Sącz,,Стары Сонч,Старий Сонч,
node/389630678,Stefanowo,,Стефаново,Стефаново,
node/2157575551,Sterławki Wielkie,Q9345780,Стерлавки Велке,Стерлавкі-Великі,
node/3390289961,Stokłosy,Q638966,Стоклосы,Стоклоси,
node/2181046794,Strabla,,Страбла,Страбля,
node/566495491,Strażów,Q2586531,Стражув,Стражув,
node/3589570656,Stronie,,Строне,Строне,
node/3585281203,Stróże,,Струже,Струже,
node/533977615,Strumień,,Струмень,Струмень,
node/1580012883,Stryków,,Стрыкув,Стрикув,
node/254612599,Strykowo Poznańskie,,Стрыково Познаньске,Стриково Познаньське,
node/3589624362,Stryszów,,Стрышув,Стришув,
node/29832059,Strzałkowo,Q3014146,Стшалково,Стшалково,
node/1999877911,Strzebielino Morskie,,Стшебелино Морске,Стшеб'єліно Морське,
node/3683604050,Strzegom,,Стшегом,Стшеґом,
node/1874629586,Strzelce Krajeńskie Wschód,Q600110,Стжелце Крайеньское Восток,Стшельці-Краєнські Схід,
node/2157508735,Strzelce Kujawskie,,Стшельце Куявское,Стшельці Куявські,
node/2183281885,Strzelce Opolskie,,Стшельце Опольское,Стшельці Опольські,
node/413398658,Strzelin,Q1994031,Стшелин,Стшелін,
node/3594760673,Strzyżów nad Wisłokiem,Q2524408,Стшижув над Висколкем,Стшижув над Віслокєм,
node/3658739201,Subkowy,,Субковы,Субкови,
node/5699210829,Subkowy Centrum,,Субковы Центрум,Субкови Цетрум,
node/3589849329,Sucha Beskidzka,,Суха Бескидзка,Суха Безкідзка,
node/3416555277,Suchedniów,,Сухеднюв,Сухеднюв,
node/5600200567,Sulechów,Q2936786,Сулехув,Сулехув,
node/826919358,Sulęcinek,,Суленчинек,Суленцінек,
node/2181018756,Sulejówek Miłosna,Q2050075,Сулеювек Милосна,Сулеювек Мілосна,
node/331033809,Sumina,,Сумина,Суміна,
node/1892705500,Susiec,,Сусец,Сусієць,
node/253601491,Susz,,Суш,Суш,
node/3714772240,Suszec,,Сушец,Сушец,
node/3067068079,Suwałki,,Сувалки,Сувалкі,
node/263886434,Swarożyn,,Сварожин,Сварожин,
node/29832423,Swarzędz,Q2174132,Сважендз,Сважендз,
node/3682511205,Świdnica Miasto,,Свидница Город,Свідніца Місто,
node/7110814864,Świdnica Przedmieście,,Свидница Пригород,Свідніца Передмістя,
node/293142560,Świdwin,,Свидвин,Свідвін,
node/4010817323,Świebodzice,,Свебодзице,Св'єбодзіце,
node/3254868376,Świebodzin,,Свебодзин,Св'єбодзін,
node/413338538,Święta Katarzyna,Q9396614,Свента Катажина,Св'ента-Катажина,
node/5117464830,Świętokrzyska,Q638914,Свентокшиска,Свентокшиська,
node/366700324,Świnoujście,Q3284197,Свиноуйсьце,Свіноуйсьце,
node/272323973,Świnoujście Centrum,,Свиноуйсьце Центр,Свіноуйсьце Центр,
node/3318760865,Sypitki,,Сыпитки,Сипіткі,
node/3598236027,Szaflary,,Шафлары,Шафляри,
node/1920566826,Szastarka,Q4956209,Шастарка,Шастарка,
node/3254277966,Szczaniec,,Шчанец,Щанєц,
node/3617154434,Szczawne Kulaszne,Q2275531,Шчавне Кулашне,Щавне-Куляшне,
node/1420909837,Szczebrzeszyn,Q2606799,Щебжешин,Щебжешин,
node/4799803848,Szczecin Dąbie,Q3051317,Щецин Домбье,Щечін Домб'є,
node/4005504572,Szczecin Główny,,Щецин Главный,Щечін Головний,
node/4290859481,Szczecin Gumieńce,Q7664243,Щецин Гуменьце,Щечін Ґум'єньце,
node/4002276845,Szczecin Podjuchy,Q9350975,Щецин Подъюхы,Щечін Подюхи,
node/2429581480,Szczecin Port Centralny,Q9350980,Щецин Порт Центральный,Щечін Порт Центральний,
node/860529683,Szczecinek,,Щчечинек,Щечінек,
node/3411151874,Szczytna,Q9351181,Щчытна,Щитна,
node/1846150093,Szczytno,,Щчытно,Щитно,
node/3280154778,Szepietowo,,Щепетово,Шеп'єтово,
node/560772324,Szklarska Poręba Górna,,Шкларска Поремба Гурна,Шкларська Поремба Ґурна,
node/2153571768,Szlachta,,Шлахта,Шляхта,
node/3607023681,Szreniawa,Q9352213,Шренява,Шренява,
node/1873959518,Sztum,Q2170841,Штум,Штум,
node/6053348692,Szwedzka,Q24947468,Шведска,Шведська,
node/5599346955,Szydłów,Q631640,Шидлув,Шидлув,
node/3457872995,Szydłowiec,Q2386594,Шидловец,Шидловець,
node/2154391159,Szymankowo,,Шиманково,Шиманково,
node/2183281225,Szymiszów,,Шимишув,Шимішув,
node/1891089442,Taciszów,,Тачишув,Тачішув,
node/1543591064,Tarczyn Ruda,Q2211542,Тарчин Руда,Тарчин-Руда,
node/6564265270,Targówek Mieszkaniowy,Q25415168,Таргувек Мешканёвы,Тарґувек- М'єшканьови,
node/2209145063,Targowiska,Q2380950,Тарговиска,Тарґовіска,
node/1342464174,Tarnobrzeg,Q2227934,Тарнобжег,Тарнобжег,
node/2007029030,Tarnów,Q2472727,Тарнув,Тарнув,
node/2208980501,Tarnów Mościce,Q681201,Тарнув Мощчице,Тарнув Мосчіце,
node/2183274148,Tarnów Opolski,,Тарнув Опольски,Тарнув Опольські,
node/2209141066,Tarnowiec,,Тарновец,Тарнов'єц,
node/313433612,Tarnowskie Góry,,Тарновске-Гуры,Тарновске-Ґури,
node/1354117153,Tczew,Q2253001,Тчев,Тчев,
node/3759913227,Templewo,,Темплево,Темплево,
node/499875804,Teresin Niepokalanów,Q2497128,Тересин Непокаланув,Тересін-Непокаланув,
node/3456263616,Terespol,Q2342808,Тересполь,Тересполь,
node/3655582089,Terespol Pomorski,,Тересполь Поморски,Тересполь-Поморські,
node/469817602,Tłoki,,Тлоки,Тлокі,
node/2479742065,Tłuszcz,Q2374978,Тлущч,Тлущ,
node/1870528684,Tołkiny,,Толкины,Толкіни,
node/92794059,Tomaszów Mazowiecki,,Томашув Мазовецки,Томашув Мазовецькі,
node/528524484,Topola Osiedle,,Топола жилой комплекс,Тополя житловий комплекс,
node/3256953375,Toporów,,Топорув,Топорув,
node/1013299074,Toruń Główny,Q1946858,Торунь Главный,Торунь Головний,
node/4166428889,Toruń Miasto,,Торунь Город,Торунь Місто,
node/1013308820,Toruń Wschodni,Q975723,Торунь Восточный,Торунь Східний,
node/256690327,Toszek,,Тошек,Тошек,
node/293142101,Trąbki,,Тромбки,Тромбкі,
node/5779653553,Trakiszki,,Трашки,Тракішкі,
node/945156415,Trawniki,Q2214226,Травники,Травнікі,
node/4930657487,Trocka,Q24947001,Троцка,Троцька,
node/48293947,Trzciana,Q1856824,Тшчяна,Тшчяна,
node/2152315037,Trzcianka,,Тшчанка,Тшчянка,
node/33964454,Trzciniec,,Тшчинец,Тшчінєц,
node/1377224039,Trzebiatów,Q9362152,Тшебятув,Тшеб'ятув,
node/6093920532,Trzebinia,,Тшебиня,Тшебіня,
node/2148310561,Trzebiszewo,,Тшебишево,Тшебішево,
node/2003074007,Trzemeszno,,Тшемешно,Тшемешно,
node/1508442936,Tuchola,,Тухола,Тухоля,
node/389630760,Tuchorza,,Тухожа,Тухожа,
node/583047738,Tuchów,,Тухув,Тухув,
node/685117204,Tuły,,Тулы,Тули,
node/2187711695,Tunel,,Тунель,Тунель,
node/2147453767,Tuplice,,Тупнице,Тупліце,
node/692631846,Turowo Pomorskie,,Турово Поморске,Турово Поморське,
node/3658452544,Twarda Góra,,Тварда Гура,Тварда Ґура,
node/2147035556,Twardawa,Q2915586,Твардава,Твардава,
node/3322950957,Twardogóra,,Твардогура,Твардогура,
node/593368499,Tychowo,,Тыхово,Тихово,
node/3689310738,Tychy,Q801537,Тыхы,Тихи,
node/3517446618,Ujście Noteckie,Q2405742,Уйсьце Нотецке,Уйсьце Нотецьке,
node/1921926938,Ulikowo,Q2593402,Уликово,Уліково,
node/6702756935,Umianowice,,Умяновице,Умяновіце,
node/2154800809,Unieszewo,,Унешово,Унєшево,
node/2154874686,Unisław Pomorski,,Унислав Поморски,Уніслав Поморскі,
node/3390304927,Ursynów,Q638921,Урсынув,Урсинув,
node/1752935383,Urzejowice,Q16613040,Ужеёвице,Устшейовіце,
node/2466422457,Ustroń,Q2490940,Устронь,Устронь,
node/654189653,Ustroń Polana,Q9367446,Устронь Поляна,Устронь Поляна,
node/593356587,Ustronie Morskie,,Устроне Морске,Устронє Морське,
node/1744504173,Ustrzyki Dolne,Q2624300,Устшики Дольне,Устшикі Дольне,
node/587584801,Wąbrzeźno,,Вомбжезьно,Вомбжезно,
node/3440927982,Wąchock,,Вонхоцк,Вонхоцк,
node/3604899397,Wadowice,,Вадовице,Вадовіце,
node/698685735,Wągrowiec,Q2084067,Вонгровец,Вонґров'єц,
node/4011268703,Wałbrzych Fabryczny,Q9371694,Валбжих Фабрычны,Валбжих Фабрични,
node/418127386,Wałbrzych Główny,Q2726216,Валбжих Глувны,Валбжих Головний,
node/842079165,Wałbrzych Miasto,Q9371695,Валбжих Място,Валбжих Місто,
node/295966496,Wałbrzych Szczawienko,Q2627396,Валбжих Щавенко,Валбжих Щав'єнко,
node/334330573,Wałcz,,Валч,Валч,
node/2001942229,Waliły,,Валилы,Валіли,
node/362343924,Wargowo,,Варгово,Варґово,
node/2499943349,Warka,Q2170908,Варка,Варка,
node/3655661967,Warlubie,,Варлубье,Варлуб'є,
node/2152137176,Warnowo,Q9371067,Варново,Варново,
node/2889019486,Warszawa Choszczówka,Q2785363,Варшава Хощувка,Варшава Хощувка,
node/2181100077,Warszawa Falenica,Q2769808,Варшава Фаленица,Варшава Фаленіца,
node/3416823373,Warszawa Gdańska,Q1842252,Варшава Гданьска,Варшава Ґданська,
node/7515926824,Warszawa Główna,Q18180267,Варшава Глувна,Варшава Головний,
node/3414445834,Warszawa Okęcie,Q640443,Варшава Окенче,Варшава Окенці,
node/2889005397,Warszawa Płudy,Q7970967,Варшава Плуды,Варшава Плуди,
node/3401904483,Warszawa Rembertów,Q2594587,Варшава Ребмертув,Варшава Рембертув,
node/1718180086,Warszawa Śródmieście WKD,Q2755236,Варшава Средместье (Варшавская пригородная железная дорога),Варшава Середмістя (Варшавська приміська залізниця),
node/3457285925,Warszawa Wawer,Q2395768,Варшава Вавер,Варшава Вавер,
node/33210583,Warszawa Wschodnia,Q3270196,Варшава-Восточная,Вапршава-Східня,
node/3390821831,Warszawa Zachodnia,Q2694091,Варшава-Западная,Варшава-Заходня,
node/1827888170,Wasilków,,Василькув,Васількув,
node/1112916502,Wąwolnica,Q9381328,Вонвольница,Вонволніца,
node/307389115,Wawrzyszew,Q638591,Вавжишев,Вавжишев,
node/2148323239,Wędrzyn,,Венджин,Венджин,
node/293895113,Węgierska Górka,,Венгерска-Гурка,Венґерська Ґурка,
node/410697138,Węgliniec,,Венглинец,Венґлінець,
node/293360041,Wejherowo,,Вейхерово,Вейхерово,
node/57488814,Wenecja Muzeum,,Венеция Музей,Венеція Музей,
node/3482035601,Werbkowice,Q9372028,Вербковице,Вербковіце,
node/2172493597,Werchrata,,Верхрата,Верхрата,
node/2183780373,Widzów Teklinów,,Видзув-Теклинув,Відзув Теклінув,
node/811380370,Więcławice,Q2229498,Венцлавице,Вєнцлавіце ,
node/1550425328,Wielanowo,,Веланово,Вєланово,
node/2152316469,Wieleń,,Велень,Вєлень,
node/3299375671,Wieliczka Park,Q3346359,Величка Парк,Вєлічка Парк,
node/3421323572,Wieliszew,Q2531464,Велишев,Велішев,
node/3754991701,Wieluń Dąbrowa,,Велунь Донброва,Вєлунь Домброва,
node/5635194684,Wieruszów,,Верушув,Верушув,
node/3390333313,Wierzbno,Q568129,Вежбно,Вєжбно,
node/811380352,Wierzchosławice,Q2117898,Вешхославице,Вєжхославіце,
node/2153521846,Wierzchowo Człuchowskie,,Вешхово Члуховске,Вєжхово Члуховське,
node/772093150,Wierzchowo Pomorskie,,Вешхово Поморске,Вєжхово Поморське,
node/253330035,Wierzchucin,Q608593,Вешхучин,Вєжхучін,
node/3390336021,Wilanowska,Q2662377,Виляновска,Віляновська,
node/261996764,Wilkołaz,Q738881,Вилколаз,Вілколаз,
node/1016910437,Wilkowice Bystra,,Вилковице Быстра,Вілковіце Бистра,
node/1266560546,Wipsowo,,Випсово,Віпсово,
node/796271349,Wisła Głębce,Q2111817,Висла Гленбце,Вісла Ґлембце,
node/3261184344,Wisła Uzdrowisko,Q676579,Висла Уздровиско,Вісла Уздровіско,
node/826538420,Witaszyce,,Виташице,Віташице,
node/442706848,Witnica,,Витница,Вітніца,
node/29830460,Witonia,Q9375931,Витония,Вітонія,
node/564324574,Władysławowo,Q2228047,Владиславово,Владиславово,
node/3459316528,Włocławek,,Влоцлавек,Влоцлавек,
node/330965144,Włodawa,,Влодава,Влодава,
node/435218530,Włoszakowice,,Влошаковице,Влошаковіце,
node/3484686486,Włoszczowa,Q5016727,Влощова,Влощова,
node/417910859,Włoszczowa Północ,Q2309003,Влощова Север,Влощова Північ,
node/506544368,Wodzisław Śląski,Q2101083,Водзислав-Слёнски,Водзіслав Шльонскі,
node/4014663812,Wojanów,,Воянув,Воянув,
node/1669419206,Wola Rzędzińska,,Вола Женджиньска,Вола Жендзінська,
node/2179834592,Wolanów,Q2375308,Воланув,Воланув,
node/1893452418,Wolbrom,,Вольбром,Волбром,
node/296132816,Wołczyn,,Волчин,Вольчин,
node/2210355146,Wolica,,Волица,Воліца,
node/1892481875,Wołomin,Q2686271,Воломин,Воломін,
node/2562003930,Wołów,Q2429018,Волув,Волув,
node/469291096,Wolsztyn,,Вольштын,Вольштин,
node/1306539549,Worowo,,Ворово,Ворово,
node/2209147043,Wróblik Szlachecki,Q740595,Врублик Шляхецки,Врублік Шляхецкі,
node/1091838853,Wrocław Brochów,,Вроцлав Брохув,Вроцлав Брохув,
node/155479759,Wrocław Główny,Q428443,Вроцлав  Главный,Вроцлав Головний,
node/1522175250,Wrocław Kuźniki,Q2879097,Вроцлав Кужники,Вроцлав Кузнікі,
node/266567525,Wrocław Leśnica,Q3026509,Вроцлав Лешница,Вроцлав Лесніца,
node/789996265,Wrocław Nadodrze,Q11837968,Вроцлав Надодже,Вроцлав Надодже,
node/302223765,Wrocław Osobowice,Q2488828,Вроцлав Особовице,Вроцлав Особовіце,
node/1521090728,Wrocław Pracze,Q1897009,Вроцлав Праче,Вроцлав Праче,
node/1401192473,Wrocław Psie Pole,Q9378102,Вроцлав Псе Поле,Вроцлав Псе Поле,
node/4736968858,Wrocław Swojczyce,Q646479,Вроцлав Свойчице,Вроцлав Свойчице,
node/4007263784,Wrocław Zachodni,Q2898419,Вроцлав Западный,Вроцлав Західний,
node/435218630,Wroniawy,,Вронявы,Вроняви,
node/363576641,Wronki,Q2796943,Вронки,Вронкі,
node/1999881225,Wrzeście,,Вжесте,Вжесьтє,
node/364367833,Września,Q2184231,Вжесня,Вжесьня,
node/3374999928,Wrzosowo,,Вжосово,Вжосово,
node/1491228918,Wschowa,,Всхова,Всхова,
node/2003074767,Wydartowo,,Выдартово,Видартово,
node/2157577146,Wydminy,Q9379289,Выдмины,Видміни,
node/2722337067,Wygoda,,Выгода,Виґода,
node/1069871790,Wyrzysk Osiek,,Выжиск Осик,Вижиск Осєк,
node/2152133654,Wysoka Kamieńska,,Высокая Каменская,Висока Каменська,
node/3446241005,Wyszków,Q2488698,Вышкув,Вишкув,
node/2154407196,Żabi Róg,,Жаби-Руг,Жабі-Руґ,
node/482252685,Zabierzów,Q2672905,Забежув,Заб'єжув,
node/3681874597,Ząbkowice Śląskie,Q2263980,Зомбковице-Слёнске,Зомбковіце-Шльонське,
node/6002607858,Zaborów Błonia,,Заборув Блоня,Заборув Блоня,
node/2987517885,Zabrze,Q2562351,Забже,Забже,
node/2051142766,Żagań,,Жагань,Жаґань,
node/953065168,Zagnańsk,Q2615246,Загнаньск,Загнанськ,
node/1253354596,Zagórz,Q4767838,Загуж,Заґуж,
node/778601233,Zaklików,Q672148,Закликув,Заклікув,
node/3598793513,Zakopane,,Закопане,Закопане,
node/372254443,Zamość,Q9386828,Замосць,Замостя,
node/299829378,Zaniemyśl,,Занемышль,Знємисьль,
node/2161002971,Zaręba,Q9387165,Заренба,Заремба,
node/3740579332,Żarów,,Жарув,Жарув,
node/3179944378,Zarszyn,Q2150571,Заршин,Заршин,
node/2123759465,Żary,,Жары,Жари,
node/1615783302,Zawada,Q2963943,Завада,Завада,
node/371643272,Zawadówka,Q2330385,Завадувка,Завадувка,
node/3711926171,Zawadzkie,,Завадзке,Завадзке,
node/3455716822,Zawiercie,,Заверче,Заверце,
node/3250134366,Zbąszyń,,Збоншинь,Збоншинь,
node/2843454031,Zbąszynek,,Збоншинек,Збоншинек,
node/3144489356,Zbydniów,Q2379151,Збыднюв,Збиднюв,
node/8736125255,Zduńska Wola,,Здуньска Вола,Здунська Вола,
node/2728614146,Zduńska Wola Karsznice,Q1993166,Здуньска Вола Каршнице,Здунська Вола Каршніце,
node/2003354879,Zduny,,Здуны,Здуни,
node/1792160390,Zdzieszowice,,Зджешовице,Здзєшовіце,
node/484742029,Zebrzydowa,Q927528,Зебжидова,Зебжидова,
node/3525511368,Zebrzydowice,Q2202082,Зебжидовице,Зебжидовіце,
node/1864119766,Żegiestów,,Жегестув,Жеґестув,
node/3484796157,Żelisławice,,Желиславице,Желіславіце,
node/457876264,Żerków,,Жеркув,Жеркув,
node/3329311942,Zgierz,Q2436634,Згеж,Зґеж,
node/2920851838,Zgorzelec,,Згожелец,Зґожелец,
node/248216807,Ziębice,Q2903431,Зембице,Зембіце,
node/3990004468,Zielona Góra Główna,,Зелона Гура Главная,Зелона Гура Головна,
node/2147446387,Zielona Góra Stary Kisielin,Q2779110,Зелона Гура Стары Кишелин,Зелона Ґура Стари Кіселін,
node/2152334161,Zielonczyn,,Зелончын,Зелончин,
node/3266122070,Zielonka,Q2269773,Зелонка,Зелонка,
node/1453910609,Złocieniec,,Злоценец,Злоценець,
node/254760895,Złotniki,Q2608648,Злотники,Злотнікі,
node/2003075307,Złotniki Kujawskie,,Злотники Куявске,Злотнікі Куявські,
node/3804573701,Złotów,,Злотув,Злотув,
node/660810005,Żmigród,Q2671288,Жмигруд,Жміґруд,
node/960334981,Żnin Wąskotorowy,,Жнин Вонскоторовы,Жнін Вонскоторови,
node/413567246,Żórawina,Q2898984,Журавина,Журавіна,
node/2182768738,Żory,,Жоры,Жори,
node/311307361,Żukowo Wschodnie,,Жуково Восточное,Жуково Східний,
node/2123554082,Zwardoń,Q25143,Звардув,Звардонь,
node/4482674053,Zwierzyniec,Q2295824,Звежинец,Звежинець,
node/1643004251,Żychlin,Q2425308,Жихлин,Жихлін,
node/2210274375,Życzyn,Q4619213,Жичын,Жичин,
node/3455528913,Żyrardów,Q2043493,Жирардув,Жирардув,
node/1801112091,Żytkowice,Q4406205,Житковице,Житковіце,
node/3144526573,Żywiec,,Живец,Живець,
node/1762854553,Żywiec Sporysz,,Живец Спорыш,Живець Спориш,
node/2226344210,,,,,
