id,place,name,name:uk,name:ru,uwagi
node/2118960768,village,Adamów,Адамув,,
node/1859389548,village,Adelina,Аделіна,,
node/31878367,village,Adolfin,Адольфін,,
node/692614778,village,Aksmanice,Аксманіце,,
node/2118960769,village,Aleksandria Krzywowolska,Александрія Кшивовольська,,
node/2118410087,village,Aleksandria Niedziałowska,Александрія Недзяловська,,
node/2688315392,village,Aleksandrówka,Александрувка,,
node/31899550,village,Alojzów,Алойзув,,
node/371978690,village,Alojzów,Алойзув,,
node/31893063,village,Ameryka,Америка,,
node/31878339,village,Andrzejów,Анджеюв,,
node/31899545,village,Andrzejówka,Анджеювка,,
node/31899542,village,Annopol,Аннополь,,
node/841155321,village,Annopol,Аннополь,,
node/661282601,village,Antoniki,Антонікі,,
node/31899531,village,Antoniówka,Антонювка,,
node/31878277,village,Anusin,Анусін,,
node/31899518,village,Aurelin,Аурелін,,
node/692614020,village,Babice,Бабіце,,
node/692613999,village,Bachórzec,Бахужец,,
node/692614835,village,Bachów,Бахув,,
node/31878270,village,Bachus,Бахус,,
node/2080603202,village,Bakus-Wanda,Бакус-Ванда,,
node/31899508,village,Bałaje,Балає,,
node/692614252,village,Bandrów Narodowy,Бандрув-Народови,,
node/31878254,village,Bańkowszczyzna,Баньковщизна,,
node/371949049,village,Barbarówka,Барбарувка,,
node/1859320631,village,Barycz,Барич,,
node/31899461,village,Basznia Dolna,Башня Дольна,,
node/31899460,village,Basznia Górna,Башня Ґурна,,
node/560409523,village,Batycze,Батиче,,
node/692614126,village,Bełwin,Бельвін,,
node/3763151471,village,Bełżec,Бельжец,,
node/2088291971,village,Berdyszcze,Бердище,,
node/692614125,village,Bereżki,Бережкі,,
node/371978046,village,Bereżnica,Бережніца,,
node/1859515078,village,Bezek,Безек,,
node/2085125838,village,Bezek Dębiński,Безек Дембінські,,
node/2085169962,village,Bezek Kolonia,Безек Колонія,,
node/1859414282,village,Białopole,Бялополе,,
node/31899428,village,Białoskóry,Бялоскури,,
node/31899427,village,Białowody,Бяловоди,,
node/31878064,village,Bielin,Бєлін,,
node/2118960770,village,Bieniów,Бєнюв,,
node/31899335,village,Bihale,Біхале,,
node/692614000,village,Bircza,Бірча,,
node/692614458,village,Bobrówka,Бобрувка,,
node/31899205,village,Bogucice,Боґучіце,,
node/692614682,village,Boguszówka,Боґушувка,,
node/31899201,village,Bokinia,Бокінія,,
node/560409124,village,Bolestraszyce,Болестрашице,,
node/692614567,village,Boratyn,Боратин,,
node/31899166,village,Borchów,Борхув,,
node/31898991,village,Borowa Góra,Борова Ґура,,
node/1859446956,village,Borownica,Боровніца,,
node/729755003,village,Borowo,Борово,,
node/31889097,village,Borsuk,Борсук,,
node/692614199,village,Brelików,Брелікув,,
node/31898999,village,Brodzica,Бродзіца,,
node/692615071,village,Brylińce,Бриньце,,
node/692614523,village,Brzegi Dolne,Бжеґі Дольне,,
node/692614686,village,Brzeżawa,Бжежава,,
node/31877869,village,Brzeziny,Бжежіни,,
node/371948715,village,Brzeziny,Бжежіни,,
node/1859515115,village,Brzeźno,Бжежно,,
node/31877847,village,Brzozowiec,Бжозовєц,,
node/692614692,village,Brzuska,Бжуска,,
node/31898663,village,Budomierz,Будомеж,Будомир,
node/31898662,village,Budy,Буди,,
node/31898626,village,Budynin,Будинін,,
node/692614438,village,Budzyń,Будзинь,,
node/368747017,village,Bukowa Mała,Букова Мала,,
node/368746568,village,Bukowa Wielka,Букова Велька,,
node/31898574,village,Busieniec,Бусенець,,
node/371977874,village,Buśno,Бусьно,,
node/368746586,village,Busówno,Бусувно,,
node/2087021472,village,Busówno-Kolonia,Бусувно-Колонія,,
node/1933107939,village,Buszkowice,Бушковіце,,
node/560408831,village,Buszkowiczki,Бушковічкі,,
node/31877671,village,Buza,Буза,,
node/692614313,village,Bystre,Бистре,,
node/523349303,village,Bystrowice,Бисровіце,,
node/31894843,village,Cegielnia,Цеґєльня,,
node/31898512,village,Cetula,Цетула,,
node/31898495,village,Cewków,Цевкув,,
node/692614535,village,Chałupki Chotynieckie,Халупкі Хотинецьке,,
node/692614570,village,Charytany,Харитани,,
node/371979374,village,Chlewiska,Хлевіска,,
node/31898365,village,Chłopiatyn,Хлопятин,,
node/692614511,village,Chłopice,Хлопіце,,
node/692614337,village,Chmiel,Хмель,,
node/2934082786,village,Chochłów,Хохлув,,
node/31898260,village,Chodanie,Ходанє,,
node/31898252,village,Chodywańce,Ходиваньце,,
node/1859515130,village,Chojeniec,Хоєнець,,
node/2085478644,village,Chojeniec-Kolonia,Хоєнець-Колонія,,
node/368746437,village,Chojno Nowe Drugie,Хойно Нове Друге,,
node/2085502309,village,Chojno Nowe Pierwsze,Хойно Нове Перше,,
node/692614824,village,Chołowice,Холовіце,,
node/1859389556,village,Chorążanka,Хоронжанка,,
node/692614415,village,Chorzów,Хожув,,
node/31898137,village,Chotylub,Хотилуб,,
node/692614557,village,Chotyniec,Хотинець,,
node/39395437,village,Chrewt,Хревт,,
node/368746810,village,Chromówka,Хромувка,,
node/1859515134,village,Chutcze,Хутче,,
node/1859515139,village,Chylin,Хилін,,
node/2087021473,village,Chylin Mały,Хилін Малий,,
node/2087021474,village,Chylin Wielki,Хилін Велькі,,
node/692615035,village,Chyrzyna,Хижина,,
node/371951408,village,Chyże,Хиже,,
node/31897958,village,Chyżowice,Хижовіце,,
node/31897950,village,Cichobórz,Чіхобуж,,
node/1859320632,village,Ciemięrzowice,Чемєнжовіце,,
node/692614498,village,Cieszacin Mały,Чєшачін Мали,,
node/692614496,village,Cieszacin Wielki,Чєшачін Велькі,,
node/2319562089,village,Ciołki,Чьолкі,,
node/371978774,village,Ciotusza Nowa,Чьотуша Нова,,
node/371977599,village,Ciotusza Stara,Чьотуша Стара,,
node/692614131,village,Cisowa,Чісова,,
node/692614280,village,Czarna Dolna,Чарна Дольна,,
node/1420511719,village,Czarna Górna,Чарна Ґурна,,
node/31897461,village,Czarnołozy,Чарнолози,,
node/1859389571,village,Czartowczyk,Чартовчик,,
node/31897432,village,Czartowiec,Чартовець,,
node/3009695797,village,Czartowiec-Kolonia,Чартовець-Колонія,,
node/692614505,village,Cząstkowice,Чонстковіце,,
node/1859515174,village,Czechów Kąt,Чехув-Конт,,
node/692614587,village,Czelatyce,Челатице,,
node/31897006,village,Czermno,Чермно,,
node/31896988,village,Czerniawka,Чернявка,,
node/1859389575,village,Czerniczyn,Чернічин,,
node/371948509,village,Czerniejów,Чернєюв,,
node/371978513,village,Czortowice,Чортовіце,,
node/692615111,village,Czudowice,Чудовіце,,
node/368746547,village,Czułczyce,Чулчице,,
node/368746289,village,Czułczyce Małe,Чулчице Мале,,
node/1711480574,village,Czułczyce-Kolonia,Чулчице-Колонія,,
node/1859389581,village,Czumów,Чумув,,
node/692614433,village,Dąbków,Домбкув,,
node/692614639,village,Dąbrowa,Домброва,,
node/3009700733,village,Dąbrowa,Домброва,,
node/3925520657,village,Dąbrowa,Домброва,,
node/1859389583,village,Dąbrowa Tarnawacka,Домброва Тарнавацка,,
node/1859389584,village,Dąbrowa Tomaszowska,Домброва Томашовська,,
node/31896388,village,Dachnów,Дахнув,,
node/692614129,village,Darowice,Даровіце,,
node/692614262,village,Daszówka,Дашувка,,
node/705020702,village,Dębina,Дембіна,,
node/2099854484,village,Dębina,Дембіна,,
node/3000368785,village,Dębina,Дембіна,,
node/1837516713,village,Dębiny,Дембіни,,
node/1837516714,village,Dęby,Демби,,
node/1859446972,village,Depułtycze Królewskie,Депультиче-Крулевське,,
node/31875186,village,Depułtycze Królewskie-Kolonia,Депультиче-Крулевське-Колонія,,
node/371978719,village,Dłużniów,Длужнюв,,
node/1859320633,village,Dobkowice,Добковіце,,
node/31895933,village,Dobromierzyce,Добромежице,,
node/1859515185,village,Dobromyśl,Добромисль,,
node/368746770,village,Dobryłów,Добролув,,
node/31877248,village,Dobryłówka,Добрилувка,,
node/3009697653,village,Dobrzanka,Добжанка,,
node/31895912,village,Dobużek,Добужек,,
node/2934082787,village,Dobużek-Kolonia,Добужек-Колонія,,
node/371949683,village,Dołhobyczów,Долгобичув,,
node/371949153,village,Dorohusk,Дорогуськ,Дорогуск,
node/31874804,village,Dorohusk-Osada,Дорогуськ-Осада,,
node/31895739,village,Drogojówka,Дроґоювка,,
node/31895737,village,Drohiczany,Дрогічани,,
node/692614723,village,Drohobyczka,Дрогобичка,,
node/560410051,village,Drohojów,Дрогоюв,,
node/1859446983,village,Dryszczów,Дрищув,,
node/371948660,village,Dubienka,Дубєнка,,
node/511039259,village,Duńkowice,Дуньковіце,,
node/560409896,village,Duńkowiczki,Дуньковічкі,,
node/31895440,village,Dutrów,Дутрув,,
node/692614340,village,Dwernik,Дверник,,
node/1933107965,village,Dybawka,Дибавка,,
node/31895325,village,Dyniska,Диніска,,
node/705034657,village,Dyniska Nowe,Диніска-Нове,,
node/31895296,village,Dziekanów,Дзєканув,,
node/31895266,village,Dzierążnia,Джєронжня,,
node/3009699700,village,Dziewięcierz,Джєвєчєж,,
node/692614217,village,Dźwiniacz Dolny,Джвіняч Дольни,,
node/2118960772,village,Elżbiecin,Ельжбєчін,,
node/2935874275,village,Falków,Фалькув,,
node/3000368786,village,Feliksów,Феліксув,,
node/692614484,village,Folwarki,Фольваркі,,
node/31895146,village,Franusin,Франусін,,
node/692614132,village,Fredropol,Фредрополь,,
node/31895121,village,Futory,Футори,,
node/841154630,village,Gałęzów,Ґалензув,,
node/31877018,village,Gdola,Ґдоля,,
node/31895012,village,Gliniska,Ґлініска,,
node/2085508619,village,Gliny,Ґліни,,
node/1859515231,village,Gołąb,Ґоломб,,
node/1859389585,village,Gołębie,Ґолембє,,
node/31894964,village,Gorajec,Ґораєц,,
node/31893107,village,Górka-Zabłocie,Ґурка-Заблоте,,
node/1859389602,village,Górno,Ґурно,,
node/368746869,village,Gotówka,Ґотувка,,
node/793773893,village,Gozdów,Ґоздув,,
node/372254748,village,Grabowica,Ґрабовіца,,
node/1859320639,village,Grabowiec,Ґрабовець,,
node/793837796,village,Grobelki,Ґробельки,,
node/1933107991,village,Grochowce,Ґроховіце,,
node/1859389594,village,Gródek,Ґрудек,,
node/1859389597,village,Gródek,Ґрудек,,
node/1859389599,village,Gródek-Kolonia,Ґрудек-Колонія,,
node/1859389587,village,Grodysławice,Ґродиславіце,,
node/692614783,village,Gruszowa,Ґрушова,,
node/1859447006,village,Haliczany,Галічани,,W tłumaczeniu UK pierwsza litera powinna być Г zamiast Х
node/692615116,village,Hawłowice,Гавловіце,,W tłumaczeniu UK pierwsza litera powinna być Г zamiast Х
node/2087021475,village,Helenów,Геленув,,W tłumaczeniu UK pierwsza litera powinna być Г zamiast Х
node/31876491,village,Henrysin,Генрисін,,W tłumaczeniu UK pierwsza litera powinna być Г zamiast Х
node/560178717,village,Hermanowice,Германовіце,,W tłumaczeniu UK pierwsza litera powinna być Г zamiast Х
node/560409932,village,Hnatkowice,Гнатковіце,,W tłumaczeniu UK pierwsza litera powinna być Г zamiast Х
node/1859515261,village,Hniszów,Гнішув,,W tłumaczeniu UK pierwsza litera powinna być Г zamiast Х
node/692626457,village,Holendry,Голендри,,W tłumaczeniu UK pierwsza litera powinna być Г zamiast Х
node/31894624,village,Honiatycze,Гонятиче,,W tłumaczeniu UK pierwsza litera powinna być Г zamiast Х
node/2934082788,village,Honiatycze-Kolonia,Гонятиче-Колонія,,W tłumaczeniu UK pierwsza litera powinna być Г zamiast Х
node/31894620,village,Honiatyczki,Гонятичкі,,W tłumaczeniu UK pierwsza litera powinna być Г zamiast Х
node/1256137202,village,Honiatyn,Гонятин,,W tłumaczeniu UK pierwsza litera powinna być Г zamiast Х
node/1859389605,village,Hopkie,Гопке,,W tłumaczeniu UK pierwsza litera powinna być Г zamiast Х
node/31894606,village,Horajskie,Горайське,,W tłumaczeniu UK pierwsza litera powinna być Г zamiast Х
node/692626460,village,Horeszkowice,Горешковіце,,W tłumaczeniu UK pierwsza litera powinna być Г zamiast Х
node/1859414330,village,Horodło,Гогодло,,W tłumaczeniu UK pierwsza litera powinna być Г zamiast Х
node/1859414329,village,Horodysko,Городиско,,W tłumaczeniu UK pierwsza litera powinna być Г zamiast Х
node/368746280,village,Horodyszcze,Городище,,W tłumaczeniu UK pierwsza litera powinna być Г zamiast Х
node/1256165430,village,Horodyszcze,Городище,,W tłumaczeniu UK pierwsza litera powinna być Г zamiast Х
node/31875064,village,Horodyszcze-Kolonia,Городище-Колонія,,W tłumaczeniu UK pierwsza litera powinna być Г zamiast Х
node/704919752,village,Horoszczyce,Горощице,,
node/31894599,village,Horyniec-Zdrój,Горинець-Здруй,,
node/1833485818,village,Hostynne,Гостинне,,
node/1833485827,village,Hostynne-Kolonia,Гостинне-Колонія,,
node/692614059,village,Hoszów,Гошув,,
node/2483962489,village,Hoszowczyk,Гошовчик,,
node/31894574,village,Hrebenne,Гребенне,,
node/1859414331,village,Hrebenne,Гребенне,,
node/31876471,village,Hredków,Гредкув,,
node/1859515287,village,Hruszów,Грушув,,
node/692614845,village,Hruszowice,Грушовіце,,
node/31894566,village,Hubinek,Губінек,,
node/692614728,village,Hucisko Nienadowskie,Гуціско Ненадовске,,
node/1256165434,village,Hulcze,Гульче,,
node/31894475,village,Hurcze,Гурче,,
node/560408908,village,Hureczko,Гуречко,,
node/1859320642,village,Hurko,Гурко,,
node/371949792,village,Husynne,Гусинне,,
node/1859447008,village,Husynne,Гусинне,,
node/841155577,village,Huta,Гута,,
node/692615056,village,Huta Brzuska,Гута Бжуска,,
node/705834803,village,Huta Dzierążyńska,Гута Дзеронжиньська,,
node/31894419,village,Huta Kryształowa,Гута Кришталова,,
node/31894414,village,Huta Lubycka,Гута Любицка,,
node/371978332,village,Huta Różaniecka,Гута Ружанецка,,
node/1859320643,village,Huta Szumy,Гута Шуми,,
node/31894696,village,Huta Tarnawacka,Гута Тарнавацка,,
node/661297399,village,Huta-Złomy,Гути Зломи,,
node/692614788,village,Huwniki,Гувнікі,,
node/1859515296,village,Ignatów,Іґнатув,,
node/31875063,village,Ignatów-Kolonia,Іґнатув Колонія,,
node/368746668,village,Iłowa,Iлова,,
node/692614734,village,Iskań,Іскань,,
node/2688315408,village,Jagodne,Ягодне,,
node/560410369,village,Jaksmanice,Яксманіце,,
node/692614234,village,Jałowe,Ялове,,
node/3009709462,village,Jamna Dolna,Ямна Дольна,,
node/3009709463,village,Jamna Górna,Ямна Ґурна,,
node/371978506,village,Janki,Янкі,,
node/2202019805,village,Janki,Янкі,,
node/1832067187,village,Jankowice,Янковіце,,
node/3575451269,village,Jankowice,Янковіце,,
node/31876274,village,Janostrów,Янострув,,
node/2083668156,village,Janów,Янув,,
node/31876269,village,Janowica,Яновіца,,
node/1859414336,village,Janówka,Янувка,,
node/371948598,village,Jarczów,Ярчув,,
node/1859389617,village,Jarczów-Kolonia Druga,Ярчув-Колонія Друґа,,
node/1859389618,village,Jarczów-Kolonia Pierwsza,Ярчув-Колонія Первша,,
node/371978656,village,Jarosławiec,Ярославець,,
node/2090972054,village,Jasienica,Ясеніца,,
node/692614698,village,Jasienica Sufczyńska,Ясеніца Суйчиньска,,
node/506176433,village,Jawornik Ruski,Яворнік Рускі,,
node/692609142,village,Jazików,Язікув,,
node/31893999,village,Jędrzejówka,Єнджеювка,,
node/1837516717,village,Jeziernia,Єзерня,,
node/523349279,village,Jodłówka,Йодлувка,,
node/31893983,village,Józefin,Юзефін,,
node/2096673214,village,Józefin,Юзефін,,
node/3009710845,village,Józefin,Юзефін,,
node/31875037,village,Józefin koło Nowosiółek,Юзефін коло Новосюлек,,
node/2090972055,village,Józefów,Юзефув,,
node/31801255,village,Józefówka,Юзефувка,,
node/31875931,village,Julianów,Юліанув,,
node/645138479,village,Jureczkowa,Юречкова,,
node/1859389619,village,Jurów,Юрув,,
node/1859389620,village,Justynówka,Юстинувка,,
node/1837516718,village,Kadłubiska,Кадлубіска,,
node/1859389626,village,Kadłubiska,Кадлубіска,,
node/371948382,village,Kajetanówka,Каєтанувка,,
node/560412657,village,Kalników,Калнікув,,
node/692614793,village,Kalwaria Pacławska,Кальварія,,
node/1859447020,village,Kamień,Камінь,,
node/31875033,village,Kamień-Kolonia,Камінь Колнія,,
node/1859515341,village,Kamienna Góra,Камінна Ґура,,
node/2085597697,village,Kamionka,Камйонка,,
node/1859515347,village,Kanie,Кане,,
node/2688315410,village,Kanie-Stacja,Кане-Стац'я,,
node/31875763,village,Karczunek,Карчунек,,
node/1859515357,village,Karolinów,Каролінув,,
node/31888529,village,Karolówka,Каролувка,,
node/31875680,village,Kasiłan,Касілан,,
node/560409674,village,Kaszyce,Кашице,,
node/31892858,village,Kazimierówka,Казімерувка,,
node/371948423,village,Kazimierówka,Казімерувка,,
node/2089293974,village,Kępa,Кенпа,,
node/2092815924,village,Kicin,Кіцин,,
node/692614461,village,Kidałowice,Кідаловіце,,
node/31893456,village,Klątwy,Кльонтви,,
node/2688315412,village,Klekacz,Клекач,,
node/31875480,village,Klesztów,Клешув,,
node/371787872,village,Klocówka,Кльоцувка,,
node/692614798,village,Kłokowice,Клоковіце,,
node/31893344,village,Kmiczyn,Кмічин,,
node/1837516719,village,Kniazie,Князе,,
node/692614128,village,Kniażyce,Княжице,,
node/31893339,village,Kobło,Кобло,,
node/2319560770,village,Kobło-Kolonia,Кобло-Колонія,,
node/371951733,village,Kobyle,Кобиле,,
node/31893337,village,Kobylnica Ruska,Кобилниця Руська,,
node/692614660,village,Kobylnica Wołoska,Кобилниця Волоска,,
node/1859389632,village,Kociuba,Коцюба,,
node/31875385,village,Koczów,Кочув,,
node/31875348,village,Kolemczyce,Колемчице,,
node/31875256,village,Kolonia Chromówka,Колонія Хромувка,,
node/2995322645,village,Kolonia Partyzantów,Колонія Партизантув,,
node/31892829,village,Koniaczów,Конячув,,
node/3009716225,village,Koniusza,Конюша,,
node/692614802,village,Koniuszki,Конюшкі,,
node/31892821,village,Konopne,Конопне,,
node/31892802,village,Kopyłów,Копилув,,
node/3009716503,village,Kopysno,Кописно,,
node/1859389647,village,Korczmin,Корчмін,,
node/692614436,village,Korczowa,Корчова,,
node/2934057687,village,Korczunek,Корчунек,,
node/371951738,village,Korhynie,Коргине,,
node/692615066,village,Kormanice,Корманіце,,
node/31892735,village,Kornie,Корне,,
node/692614022,village,Korytniki,Коритнікі,,
node/31892730,village,Korytyna,Коритина,,
node/31892728,village,Korzenica,Коженіса,,
node/692614028,village,Korzeniec,Коженец,,
node/1256165432,village,Kościaszyn,Косьцяшин,,
node/560409541,village,Kosienice,Косеніце,,
node/1859389648,village,Kosmów,Космув,,
node/692614526,village,Kostków,Косткув,,
node/692614739,village,Kosztowa,Коштова,,
node/1859389650,village,Kotorów,Которув,,
node/692614703,village,Kotów,Котув,,
node/31891705,village,Kowalówka,Ковалювка,,
node/31874687,village,Koza Gotówka,Коза Ґотувка,,
node/1859515407,village,Kozia Góra,Козя Ґура,,
node/31892550,village,Kozia Wola,Козя Воля,,
node/653150878,village,Koziejówka,Козеювка,,
node/31892482,village,Kozodawy,Козодави,,
node/692614584,village,Kramarzówka,Карамажувка,,
node/692614827,village,Krasice,Красіце,,
node/692614023,village,Krasiczyn,Красіцин,,
node/31888861,village,Krasne,Красне,,
node/371978163,village,Krasne,Красне,,
node/1859515412,village,Krobonosz,Кробонош,,
node/31875012,village,Krobonosz-Kolonia,Кробонош-Колонія,,
node/371951718,village,Kroczyn,Крочин,,
node/692614007,village,Krościenko,Коростенко,Коростенко,
node/31874625,village,Krowica,Кровіца,,
node/31892195,village,Krowica Hołodowska,Кровіца Холодовська,,
node/692614645,village,Krowica Lasowa,Кровіца Лясова,,
node/31889045,village,Krowica Sama,Кровіца Сама,,
node/1933108055,village,Krówniki,Крувнікі,,
node/1859389652,village,Kryłów,Крилув,,
node/2090972056,village,Krynica,Криніца,,
node/1859389651,village,Krynice,Криніце,,
node/31892098,village,Kryszyn,Кришин,,
node/3009718448,village,Krywe,Криве,,
node/692615051,village,Krzeczkowa,Кшечкова,,
node/31892011,village,Krzewica,Кшевіца,,
node/692614831,village,Krzywcza,Кшивча,,
node/1859320648,village,Krzywe,Кшиве,,
node/1859447033,village,Krzywice,Кшивіце,,
node/31875008,village,Krzywice-Kolonia,Кшивіце-Колонія,,
node/31874587,village,Krzywiczki,Кшивічкі,,
node/31874585,village,Krzywowola,Книвоволя,,
node/2083829273,village,Ksawerów,Ксаверув,,
node/371978707,village,Kukawka,Кукавка,,
node/793837940,village,Kułakowice Drugie,Кулаковіце Друге,,
node/793837468,village,Kułakowice Pierwsze,Кулаковіце Перші,,
node/31891746,village,Kułakowice Trzecie,Кулаковіце Треті,,
node/1859515423,village,Kulik,Кулік,,
node/2085646327,village,Kulik-Kolonia,Кулік-Колонія,,
node/31874506,village,Kumów Majoracki,Кумув Майорацкі,,
node/31874505,village,Kumów Plebański,Кумув Плебанські,,
node/372254750,village,Kunki,Кункі,,
node/1933108059,village,Kuńkowce,Куньковце,,
node/2935874276,village,Kunówka,Кунувка,,
node/692614130,village,Kupiatycze,Куп'ятиче,,
node/692615041,village,Kupna,Купна,,
node/31891712,village,Kurmanów,Курманув,,
node/692614030,village,Kuźmina,Кузміна,,
node/692614167,village,Kwaszenina,Квашеніна,,
node/31891682,village,Łachowce,Лаховце,,
node/31874432,village,Ladeniska,Ладеніска,,
node/31891634,village,Łasków,Ласкув,,
node/1859389855,village,Łasochy,Ласохи,,
node/31891615,village,Łaszczówka,Лащувка,,
node/1859389858,village,Łaszczówka-Kolonia,Лащувка-Колонія,,
node/2934153865,village,Łaszczów-Kolonia,Лащув-Колонія,,
node/31891580,village,Laszki,Лашкі,,
node/1837516742,village,Łazowa,Лазова,,
node/692614449,village,Łazy,Лази,,
node/368746817,village,Lechówka,Лехувка,,
node/31891412,village,Lemieszów,Лемешув,,
node/1859515443,village,Leonów,Леонув,,
node/3009721265,village,Leonówka,Ленувка,,
node/793773850,village,Leopoldów,Леопольдув,,
node/368746899,village,Leśniczówka,Лесьнічувка,,
node/1859414359,village,Leśniowice,Лесьньовіце,,
node/31893061,village,Leśniowice-Kolonia,Лесьньовіце-Колонія,,
node/1859515445,village,Leszczanka,Лещанка,,
node/2097183896,village,Leszczany,Лещани,,
node/2097183897,village,Leszczany-Kolonia,Лещани-Колонія,,
node/692614144,village,Leszczawa Dolna,Лещава Дольна,,
node/692614708,village,Leszczawa Górna,Лещава Ґурна,,
node/692614147,village,Leszczawka,Лещавка,,
node/692614202,village,Leszczowate,Лещовате,,
node/692614151,village,Leszczyny,Лещини,,
node/1859320650,village,Leszno,Лешно,,
node/3878888178,village,Łętownia,Лентовня,,
node/692614529,village,Leżachów-Osada,Лежахув-Осада,,
node/692614133,village,Lipa,Ліпа,,
node/371978031,village,Lipie,Леп'є,,
node/692614319,village,Lipie,Леп'є,,
node/841153695,village,Lipinki,Ліпінкі,,
node/2090972057,village,Lipniki,Ліпінкі,,
node/1859389666,village,Lipowiec,Ліповец,,
node/31873979,village,Lipówki,Ліпувкі,,
node/371979384,village,Lipsko,Ліпско,,
node/31891211,village,Lisie Jamy,Лісе Ями,,
node/2318941625,village,Liski,Ліскі,,
node/2934114078,village,Liski,Ліскі,,
node/692614205,village,Liskowate,Лісковате,,
node/1859515454,village,Liszno,Лішно,,
node/31874976,village,Liszno-Kolonia,Лішно-Колонія,,
node/1256165441,village,Liwcze,Лівче,,
node/692614230,village,Łobozew Dolny,Лобозев Дольний,,
node/692614246,village,Łobozew Górny,Лобозев Ґурний,,
node/692614221,village,Łodyna,Лодина,,
node/692615061,village,Łodzinka Górna,Лодзінка Ґурна,,
node/692614713,village,Łomna,Ломна,,
node/371948917,village,Łosiniec,Лосінєц,,
node/1782976778,village,Łotoszyny,Лотошини,,
node/31891195,village,Łotów,Лотув,,
node/692614392,village,Łowce,Ловце,,
node/360233478,village,Łowcza,Ловча,,
node/31891194,village,Łówcza,Ловча,,
node/2688315629,village,Łowcza-Kolonia,Ловцча-Колонія,,
node/31891157,village,Łubcze,Лубче,,
node/2297332069,village,Lubomierz,Любомеж,,
node/1933108277,village,Łuczyce,Лучице,,
node/368747010,village,Ludwinów,Людвінув,,
node/2078416320,village,Ludwinów,Людвінув,,
node/31891093,village,Łukawica,Лукавіца,,
node/31891084,village,Łukawiec,Лукавец,,
node/368746264,village,Łukówek,Лукувек,,
node/1859389861,village,Łuszczacz,Лущач,,
node/31891029,village,Łuszczów,Лущув,,
node/793774084,village,Łuszczów-Kolonia,Лущув-Колонія,,
node/1741674130,village,Łuszków,Лушкув,,
node/560412802,village,Lutków,Люткув,,
node/692614087,village,Lutowiska,Лютовіска,,
node/31890890,village,Łykoszyn,Ликошин,,
node/2934153866,village,Łysa Góra,Лиса Ґура,,
node/692626412,village,Machnów Nowy,Махнув Новий,,
node/1859389669,village,Machnów Stary,Махнув Старий,,
node/31890877,village,Machnówek,Махнувек,,
node/3009724292,village,Maćkowice,Мацьковіце,,
node/1961262076,village,Magdalenka,Маґдаленка,,
node/793837771,village,Majdan,Майдан,,
node/1859389672,village,Majdan Górny,Майдан Ґурний,,
node/31890844,village,Majdan Krynicki,Майдан Криніцький,,
node/31890834,village,Majdan Kukawiecki,Майдан Кукавецький,,
node/2176838668,village,Majdan Leśniowski,Майдан Лесьньовський,,
node/31890794,village,Majdan Lipowiecki,МАйдан Ліповецький,,
node/1859414370,village,Majdan Ostrowski,Майдан Островський,,
node/31875346,village,Majdan Pławanicki,Майдан Плаваніцький,,
node/31873302,village,Majdan Skordiowski,Майдан Скордьовський,,
node/372254802,village,Majdan Sopocki Drugi,Майдан Сопоцбкий Другий,,
node/372256835,village,Majdan Sopocki Pierwszy,Майдан Сопоцбкий Перший,,
node/31890763,village,Majdan Wielki,Майдан Великий,,
node/1859515480,village,Majdan Zahorodyński,Майдан Загородиньський,,
node/793837429,village,Majdanek,Майданек,,
node/1859389675,village,Majdanek,Майданек,,
node/31890786,village,Majdan-Sielec,Майдан-Селець,,
node/692614805,village,Makowa,Макова,,
node/31890737,village,Makowisko,Маковіско,,
node/692614139,village,Malawa,Малава,,
node/692614577,village,Maleniska,Маленіска,,
node/692614027,village,Malhowice,Малховіце,,
node/1859389678,village,Malice,Маліце,,
node/2176838674,village,Malinówka,Малінувка,,
node/705561824,village,Małków,Малкув,,
node/705561834,village,Małków Nowy,Малкув Новий,,
node/1859320652,village,Małkowice,Малковіце,,
node/31893197,village,Małków-Kolonia,Малкув-Колонія,,
node/31890646,village,Małoniż,Малоніж,,
node/31890637,village,Manasterz,Манастеж,,
node/368747026,village,Marynin,Маринін,,
node/371818374,village,Marynin,Маринін,,
node/31872753,village,Marysin,Марисін,,
node/31890601,village,Marysin,Марисін,,
node/31890602,village,Marysin,Марисін,,
node/31890603,village,Marysin,Марисін,,
node/31890604,village,Marysin,Марисін,,
node/1859515511,village,Marysin,Марисін,,
node/31890597,village,Masłomęcz,Масломенч,,
node/371977705,village,Matcze,Матче,,
node/31872738,village,Mateuszowo,Матеушово,,
node/31890554,village,Maziarnia,Мазярня,,
node/371979272,village,Maziły,Мазіли,,
node/560411644,village,Medyka,Меди́ка,,
node/31890462,village,Metelin,Метелін,,
node/2935965136,village,Michalów,Міхалув,,
node/511039103,village,Michałówka,Міхалувка,,
node/1859447067,village,Michałówka,Міхалувка,,
node/2935965135,village,Michalów-Kolonia,Міхалув-Колонія,,
node/692614322,village,Michniowiec,Міхньовець,,
node/31890139,village,Miedniki,Меднікі,,
node/31890135,village,Miękisz Nowy,М'єнкіш Новий,,
node/31890134,village,Miękisz Stary,М'єнкіш Старий,,
node/692615046,village,Mielnów,Мельнув,,
node/1859389680,village,Mieniany,Меняну,,
node/2932810373,village,Miętkie,М'єнтке,,
node/2932810374,village,Miętkie-Kolonia,М'єнтке-Колонія,,
node/31890116,village,Mikulin,Мікулін,,
node/1859389681,village,Mircze,Мірче,,
node/31890093,village,Młodów,МЛодув,,
node/692614136,village,Młodowice,Млодовіце,,
node/692614437,village,Młyny,Млини,,
node/692614256,village,Moczary,Мочару,,
node/1859389682,village,Modryń,Модринь,,
node/371951519,village,Modryniec,Модринець,,
node/368746590,village,Mogilnica,Моґільніца,,
node/1859414381,village,Mojsławice,Мойславіце,,
node/3000368787,village,Mojsławice-Kolonia,Мойславіце-Колонія,,
node/1765115098,village,Mokra,Мокра,,
node/31889992,village,Mołodiatycze,Молодятиче,,
node/1859447072,village,Mołodutyn,Молодутин,,
node/31890001,village,Mołodycz,Молодий,,
node/31889986,village,Mołożów,Моложув,,
node/2932810376,village,Mołożów-Kolonia,Моложув-Колонія,,
node/31889944,village,Moniatycze,Монятиче,,
node/2735332634,village,Moniatycze-Kolonia,Монятиче-Колонія,,
node/692614466,village,Morawsko,Моравско,,
node/31889931,village,Moroczyn,Морочин,,
node/371948430,village,Mościska,Мостиська,,
node/31889925,village,Mosty Małe,Мости Мале,,
node/31889924,village,Moszczanica,Мощаніца,,
node/692614355,village,Muczne,Мусне,,
node/692614382,village,Munina,Муніна,,
node/31889938,village,Muratyn,Муратин,,
node/2934114080,village,Muratyn-Kolonia,Муратин-Колонія,,
node/730223469,village,Myców,Мицув,,
node/31890878,village,Myślatyn,Мисьлятин,,
node/2089315818,village,Myszkowiec,Мишковець,,
node/371978001,village,Nabróż,Набруж,,
node/2934114081,village,Nabróż-Kolonia,Набруж-Колонія,,
node/1859320655,village,Nakło,Накло,,
node/371977850,village,Narol-Wieś,Нароль-Вєсь,,
node/371951458,village,Natalin,Наталін,,
node/1859389687,village,Nedeżów,Недежув,,
node/1933108090,village,Nehrybka,Негрибка,,
node/2118960773,village,Niedziałowice Drugie,Недзяловіце Друге,,
node/31870625,village,Niedziałowice Pierwsze,Недзяловіце Перше,,
node/3009728478,village,Niedźwiedzia Góra,Недзьведзя Ґура,,
node/31889828,village,Nieledew,Неледев,,
node/31889827,village,Nielepkowice,Нелипковичі,,
node/2118960774,village,Niemirów,Немірув,,
node/31889818,village,Niemirówek,Немірувек,,
node/2935874277,village,Niemirówek-Kolonia,Немірувек-Колонія,,
node/31889808,village,Niemstów,Немстув,,
node/692614743,village,Nienadowa,Ненадова,,
node/692614520,village,Nienowice,Неновіце,,
node/6415672263,village,Niziny,Нізіни,,
node/31889702,village,Nowa Grobla,Нова Ґробля,,
node/31946907,village,Nowa Wieś,Нова Вєсь,,
node/1859389693,village,Nowa Wieś,Нова Вєсь,,
node/661287587,village,Nowe Brusno,Нове Брусно,,
node/1859447080,village,Nowe Depułtycze,Нове Депултиче,,
node/692614807,village,Nowe Sady,Нове Сади,,
node/31889648,village,Nowe Sioło,Нове Сьоло,,
node/371815268,village,Nowiny,Новіни,,
node/1859447081,village,Nowiny,Новіни,,
node/31889640,village,Nowiny Horynieckie,Новіни Горинецькі,,
node/31870342,village,Nowokajetanówka,Новокаєтанувка,,
node/645138472,village,Nowosielce Kozickie,Новоселце Козіске,,
node/368746575,village,Nowosiółki,Новосілки,,
node/371951508,village,Nowosiółki,Новосілки,,
node/371977782,village,Nowosiółki,Новосілки,,
node/692614810,village,Nowosiółki Dydyńskie,Новосілки Дидиньсські,,
node/31889613,village,Nowosiółki Kardynalskie,Новосілки Кардинальські,,
node/2078419139,village,Nowosiółki-Kolonia,Новосілки-Колонія,,
node/31895226,village,Nowy Dzików,Новий Дзікув,,
node/31889602,village,Nowy Folwark,Новий Фольварк,,
node/31891133,village,Nowy Lubliniec,Новий Люблинець,,
node/31158092,village,Nowy Majdan,Новий Майдан,,
node/1859389702,village,Nowy Przeorsk,Новий Пшеорськ,,
node/31889538,village,Obrowiec,Обровець,,
node/31869993,village,Ochoża,Охожа,,
node/31874945,village,Ochoża-Kolonia,Охожа-Колонія,,
node/2087468733,village,Ochoża-Pniaki,Охожа-Пнякі,,
node/1859414388,village,Odletajka,Одлетайка,,
node/368746390,village,Okopy,Окопи,,
node/2089342267,village,Okopy-Kolonia,Окопи-Колонія,,
node/1859447083,village,Okszów,Окшув,,
node/2080289552,village,Okszów-Kolonia,Окшув-Колонія,,
node/1859515566,village,Olchowiec,Ольховець,,
node/2087495936,village,Olchowiec-Kolonia,Ольховець-Колонія,,
node/1859515568,village,Olenówka,Оленувка,,
node/692614025,village,Olszany,Ольшани,,
node/1859320658,village,Olszynka,Ольшинка,,
node/692614655,village,Opaka,Опака,,
node/1859320659,village,Orły,Орли,,
node/560409795,village,Orzechowce,Ожеховіце,,
node/1859389708,village,Oserdów,Осердув,,
node/1837516723,village,Oseredek,Осередек,,
node/371948400,village,Ostrów,Острув,,
node/692614386,village,Ostrów,Острув,,
node/1859414392,village,Ostrów,Острув,,
node/1933108110,village,Ostrów,Острув,,
node/2161618760,village,Ostrówek,Острувек,,
node/1859414393,village,Ostrów-Kolonia,Острув-Колонія,,
node/1859389711,village,Oszczów,Ощув,,
node/31889235,village,Ożańsk,Ожаньськ,,
node/371951405,village,Paary,Паару,,
node/1859389713,village,Pańków,Панькув,,
node/3009733855,village,Paportno-Sopotnik,Папортно-Сопотнік,,
node/2094173744,village,Partyzancka Kolonia,Партизаньська Колонія,,
node/1828717373,village,Parypse,Парипсе,,
node/371979265,village,Pasieki,Пасіки,,
node/2935874278,village,Pauczne,Паучне,,
node/692614421,village,Pawłosiów,Павлосюв,,
node/371951783,village,Pawłów,Павлув,,
node/1859389715,village,Pawłówka,Павлувка,,
node/31889188,village,Pełkinie,Пелкіне,,
node/31889186,village,Peresołowice,Пересоловіце,,
node/31889185,village,Perespa,Переспа,,
node/3009735592,village,Perespa-Kolonia,Переспа-Колонія,,
node/360233499,village,Petryłów,Петрилув,,
node/692614564,village,Piaski,П'яскі,,
node/31888232,village,Piastowo,П'ясково,,
node/692614747,village,Piątkowa,Пйонткова,,
node/31889159,village,Pielaki,Пелякі,,
node/31889154,village,Pieniany,Пеняни,,
node/2934114084,village,Pieniany-Kolonia,Пеняни-Колонія,,
node/1933108121,village,Pikulice,Пікуліце,,
node/31889122,village,Piwoda,Півода,,
node/1859447101,village,Pławanice,Плаваніце,,
node/2096673216,village,Pławanice-Kolonia,Плаваніце-Колонія,,
node/31889099,village,Płazów,Плазув,,
node/1859901596,village,Plebanka,Плебанка,,
node/1859447089,village,Plisków,Плвскув,,
node/2688315502,village,Plisków-Kolonia,Плвіскув-Колонія,,
node/1859515608,village,Pniówno,Пнювно,,
node/31868603,village,Pobołowice,Поболовіце,,
node/31874917,village,Pobołowice-Kolonia,Поболовіце-Колонія,,
node/1859515611,village,Poczekajka,Почекайка,,
node/3009738868,village,Podbór,Подбур,,
node/31889073,village,Podemszczyzna,Подемщизна,,
node/1859515615,village,Podgórze,Подґуже,,
node/3952369356,village,Podhajce,Подгайце,,
node/1256165435,village,Podhajczyki,Подгайчики,,
node/31889066,village,Podhorce,Подгорце,,
node/1859389725,village,Podhorce,Подгорце,,
node/371787729,village,Podhucie,Подгуце,,
node/31888155,village,Podlesie,Подлеся,,
node/371977618,village,Podlesina,Подлесіна,,
node/31887978,village,Podlodów,Подльодув,,
node/1859389733,village,Podlodów,Подльодув,,
node/2688315510,village,Podpakule,Подпакуле,,
node/841154828,village,Poduchańka,Подуханька,,
node/31868441,village,Pogranicze,Поґраніце,,
node/1859447094,village,Pokrówka,Покрувка,,
node/692614073,village,Polana,Поляна,,
node/1859320662,village,Polanka Horyniecka,Полянка Гориніцька,,
node/371977594,village,Polanówka,Полянувка,,
node/2995322647,village,Polany,Поляни,,
node/31889012,village,Politówka,Політувка,,
node/31889009,village,Poniatówka,Понятувка,,
node/2094180744,village,Popławy,Поплави,,
node/371978003,village,Poraj,Порай,,
node/2712545058,village,Posada Rybotycka,Посада Риботицька,,
node/31888974,village,Posadów,Посадув,,
node/692614665,village,Potok Jaworowski,Поток Яворський,,
node/1859320663,village,Potoki,Потокі,,
node/371951411,village,Poturzyn,Потужин,,
node/1933108155,village,Prałkowce,Палковце,,
node/371978145,village,Prehoryłe,Прегориле,,
node/31888927,village,Prusie,Прусе,,
node/1859389746,village,Przecinka,Пшецінка,,
node/692614750,village,Przedmieście Dubieckie,Пшедмєсьцє Дубецьке,,
node/1859389747,village,Przeorsk,Пшеорськ,,
node/31888902,village,Przewale,Пшевале,,
node/1859389748,village,Przewłoka,Пшевлока,,
node/31888901,village,Przewodów,Пшеводув,,
node/31867877,village,Przysiółek,Пшисьолек,,
node/692615345,village,Psiarnia,Псярня,,
node/692614123,village,Pszczeliny,Пщеліни,,
node/31888869,village,Pukarzów,Пукажув,,
node/706795110,village,Pukarzów-Kolonia,Пукажув-Колонія,,
node/1295150379,village,Puszcza,Пуща,,
node/31867795,village,Puszki,Пушкі,,
node/31888855,village,Putnowice Górne,Путновіце Ґурне,,
node/31888862,village,Putnowice Wielkie,Путновіце Вєльке,,
node/31888848,village,Putnowice-Kolonia,Путновіце-Колонія,,
node/31939308,village,Rabe,Рабе,,
node/371950439,village,Rabinówka,Рабінувка,,
node/1859389749,village,Rachanie,Раханє,,
node/2935947955,village,Rachanie-Kolonia,Раханє-Колонія,,
node/1859414410,village,Raciborowice,Раціборовіце,,
node/31892991,village,Raciborowice-Kolonia,Раціборовіце-Колонія,,
node/31888823,village,Radawa,Радава,,
node/31888821,village,Radków,Радкув,,
node/31888814,village,Radostów,Радостув,,
node/31888811,village,Radruż,Радруж,,
node/1859515651,village,Radzanów,Радзанув,,
node/31867625,village,Radziejów,Радзеюв,,
node/1859414413,village,Rakołupy,Раколупи,,
node/1859447104,village,Rakołupy Duże,Раколупи Дуже,,
node/2133599022,village,Rakołupy Małe,Раколупи Мале,,
node/371950836,village,Ratyczów,Ратичув,,
node/692614021,village,Reczpol,Речполь,,
node/2118960775,village,Rejowiec-Kolonia,Рейовець-Колонія,,
node/371817237,village,Rogalin,Роґалін,,
node/371948839,village,Rogatka,Роґатка,,
node/371950491,village,Rogóźno,Роґузьно,,
node/31892988,village,Rogóźno-Kolonia,Роґузьно-Колонія,,
node/692614389,village,Rokietnica,Рокетніца,,
node/31888775,village,Rokitno,Рокітно,,
node/692615076,village,Rokszyce,Рокшице,,
node/1859515665,village,Romanówka,Романувка,,
node/2995322648,village,Romanówka,Романувка,,
node/692614189,village,Ropienka,Ропенка,,
node/692614240,village,Równia,Рувня,,
node/1859389769,village,Róża,Ружа,,
node/523349282,village,Rozbórz Długi,Розбуж Длуґі,,
node/692615106,village,Rozbórz Okrągły,Розбуж Окронґли,,
node/1859447107,village,Rożdżałów,Рожджалув,,
node/2078460860,village,Rożdżałów-Kolonia,Рожджалув-Колонія,,
node/31888758,village,Rozięcin,Розенчін,,
node/371978111,village,Rozkosz,Розкош,,
node/31888766,village,Rozkoszówka,Розкошувка,,
node/692614718,village,Roztoka,Розтока,,
node/841154038,village,Roztoka,Розтока,,
node/1933057316,village,Rożubowice,Рожубовіце,,
node/692614469,village,Roźwienica,Розвєніца,,
node/2688315518,village,Ruda,Руда,,
node/1859320665,village,Ruda Lubycka,Руда Любицка,,
node/31888748,village,Ruda Różaniecka,Руда Ружанецька,,
node/31888745,village,Ruda Szczutkowska,Руда Щутковська,,
node/1859389646,village,Ruda Wołoska,Руда Волоська,,
node/1859389754,village,Ruda Żelazna,Руда Желазна,,
node/1859320669,village,Ruda Żurawiecka,Руда Журавецька,,
node/1859320673,village,Ruda Żurawiecka-Osada,Руда Журавецька-Осада,,
node/1859515673,village,Ruda-Huta,Руда-Хута,,
node/31874902,village,Ruda-Kolonia,Руда-Колонія,,
node/368746558,village,Ruda-Opalin,Руда-Опалін,,
node/31941431,village,Rudawka,Рудавка,,
node/31874901,village,Rudka,Рудка,,
node/1859515676,village,Rudka,Рудка,,
node/3009747101,village,Rudka,Рудка,,
node/2078480408,village,Rudka-Kolonia,Рудка-Колонія,,
node/841155510,village,Rudno,Рудно,,
node/31866818,village,Rudolfin,Рудольфін,,
node/692614412,village,Rudołowice,Рудоловіце,,
node/2932810377,village,Rulikówka,Рулікувка,,
node/692615026,village,Ruszelczyce,Рушельчице,,
node/1859515686,village,Rybie,Риб'є,,
node/1859389766,village,Rybnica,Рибніца,,
node/692614815,village,Rybotycze,Риботиче,,
node/31888680,village,Ryszkowa Wola,Ришкова Вола,,
node/2959721257,village,Rzeczyca,Жечица,,
node/31888638,village,Rzeplin,Жеплін,,
node/523349276,village,Rzeplin,Жеплін,,
node/1859389772,village,Sabaudia,Сабаудія,,
node/31888621,village,Sahryń,Сахринь,,
node/2934114087,village,Sahryń-Kolonia,Сахринь-Колонія,,
node/1859515691,village,Sajczyce,Сайчице,,
node/31888575,village,Sarniak,Сарняк,,
node/1859515694,village,Sawin,Савін,,
node/692614211,village,Serednica,Середніца,,
node/1859515697,village,Serniawy,Серняви,,
node/2688315526,village,Serniawy-Kolonia,Серняви-Колонія,,
node/1427381642,village,Siedliska,Седліска,,
node/1604264691,village,Siedliska,Седліска,,
node/31866528,village,Siedliszcze,Седліще,,
node/371977672,village,Siedliszczki,Седліщкі,,
node/1256165429,village,Siekierzyńce,Секежиньце,,
node/1859447114,village,Sielec,Селець,,
node/692614753,village,Sielnica,Сельніца,,
node/31888531,village,Siemierz,Семеж,,
node/31888530,village,Siemnice,Семніце,,
node/692614818,village,Sierakośce,Серакосьце,,
node/692614439,village,Skolin,Сколін,,
node/510981440,village,Skołoszów,Сколошув,,
node/692614840,village,Skopów,Скопув,,
node/31866416,village,Skordiów,Скордюв,,
node/692614328,village,Skorodne,Скородне,,
node/371977547,village,Skryhiczyn,Скригічин,,
node/1782976782,village,Ślipcze,Сліпче,,
node/692614024,village,Śliwnica,Слівніца,,
node/692614758,village,Śliwnica,Слівніца,,
node/692614756,village,Słonne,Слонне,,
node/31888412,village,Smoligów,Смокіґув,,
node/692614092,village,Smolnik,Смольнік,,
node/31888393,village,Sobiecin,Собечін,,
node/31888389,village,Soból,Собуль,,
node/692626445,village,Sobowice,Собовіце,,
node/692614821,village,Sólca,Сульца,,
node/1859320679,village,Sośnica,Сосьніца,,
node/2300984892,village,Sośnica-Brzeg,Сосьніца-Бжеґ,,
node/1859389775,village,Sowiniec,Совінець,,
node/1859447118,village,Srebrzyszcze,Сребжище,,
node/31865891,village,Średni Łan,Средні Лан,,
node/692615030,village,Średnia,Средня,,
node/2094713618,village,Stadarnia,Стадарня,,
node/31949358,village,Stanisławczyk,Станіславчик,,
node/841155430,village,Stanisławów,Станіславув,,
node/841153313,village,Stanisławówka,Станіславувка,,
node/2078536109,village,Stańków,Станькув,,
node/31949337,village,Stańkowa,Станькова,,
node/692614029,village,Stara Bircza,Стара Бірча,,
node/2932810378,village,Stara Wieś,Стара Весь,,
node/31877565,village,Stare Chojno,Старе Хойно,,
node/1859447120,village,Stare Depułtycze,Старе Депултиче,,
node/31889445,village,Stare Oleszyce,Старе Олешице,,
node/31888258,village,Stare Sioło,Старе Сьоло,,
node/31865811,village,Starosiele,Староселе,,
node/31895225,village,Stary Dzików,Стари Дзікув,,
node/31891130,village,Stary Lubliniec,Стари Лублінець,,
node/31873277,village,Stary Majdan,Стари Майдан,,
node/5894511523,village,Stary Majdan,Стари Майдан,,
node/1859320688,village,Starzawa,Стажава,,
node/2085720564,village,Stasin Dolny,Стасін Дольни,,
node/31892978,village,Staszic,Сташіс,,
node/2087543612,village,Staszyce,Сташице,,
node/1839211001,village,Staw,Став,,
node/692614040,village,Stebnik,Стебнік,,
node/31888237,village,Stefankowice,Стефанковіце,,
node/692626459,village,Stefankowice-Kolonia,Стефанковіце-Колонія,,
node/2089878572,village,Stefanów,Стефанув,,
node/31888227,village,Steniatyn,Стенятин,,
node/2934153824,village,Steniatyn-Kolonia,Стенятин-Колонія,,
node/1828717384,village,Stołpie,Столпє,,
node/1859447121,village,Strachosław,Страхослав,,
node/2077788469,village,Strupin Duży,Струпін Дужи,,
node/2077908429,village,Strupin Łanowy,Струпін Ланови,,
node/1859447122,village,Strupin Mały,Струпін Мали,,
node/31948610,village,Strwiążek,Стрвьонжек,,
node/2092818422,village,Strzelce,Стшельце,,
node/2092818425,village,Strzelce-Kolonia,Стшельце-Колонія,,
node/3002231940,village,Strzyżów,Стжижув,,
node/31888163,village,Strzyżowiec,Стжижовець,,
node/31948532,village,Stubienko,Стубєнко,,
node/31948515,village,Stubno,Стубно,,
node/31948498,village,Stuposiany,Ступосяни,,
node/2297332064,village,Sucha Wola,Суха Вола,,
node/31948375,village,Sufczyna,Сувчина,,
node/1256165437,village,Sulimów,Сулімув,,
node/2161618785,village,Sumin,Сумін,,
node/31888129,village,Surmaczówka,Сурмачувка,,
node/31888128,village,Surochów,Сурохув,,
node/371977769,village,Susiec,Сусець,,
node/31888121,village,Suszów,Сушув,,
node/31947997,village,Świebodna,Свєбодна,,
node/368746378,village,Święcica,Свєнчіца,,
node/31888104,village,Świerszczów,Свєрщув,,
node/1859516002,village,Świerże,Свєже,,
node/2089878727,village,Świerże-Kolonia,Свєже-Колонія,,
node/1859320697,village,Święte,Свєнте,,
node/31865249,village,Syczów,Сичув,,
node/1859515783,village,Syczyn,Сичин,,
node/1837516732,village,Szalenik,Шаленік,,
node/2082229551,village,Szalenik-Kolonia,Шаленік-Колонія,,
node/1859357265,village,Szarowola,Шаровола,,
node/31888000,village,Szczepiatyn,Щепятин,,
node/31887988,village,Szczutków,Щуткув,,
node/2668016918,village,Szczytna,Щитна,,
node/31887979,village,Szlatyn,Шлатин,,
node/1617238701,village,Szopiska,Шопіска,,
node/31887972,village,Szówsko,Шувско,,
node/31887969,village,Szpikołosy,Шпіколоси,,
node/1859389783,village,Szychowice,Шиховіце,,
node/31893240,village,Szychowice Nowe,Шиховіце Нове,,
node/31946829,village,Tapin,Тапін,,
node/692614359,village,Tarnawa Niżna,Тарнава Ніжна,,
node/371977587,village,Tarnawatka,Тарнаватка,,
node/371949476,village,Tarnawatka-Tartak,Тарнаватка-Тартак,,
node/31946684,village,Tarnawce,Тарнавце,,
node/31946630,village,Tarnawka,Тарнавка,,
node/1859389787,village,Tarnoszyn,Тарношин,,
node/1859515804,village,Tarnów,Тарнув,,
node/1859389790,village,Telatyn,Телатин,,
node/31946448,village,Teleśnica Oszwarowa,Теле́сніца Ошварова,,
node/31946424,village,Teleśnica Sanna,Теле́сніца Санна,,
node/31887906,village,Teniatyska,Тенятиска,,
node/371978112,village,Teosin,Теосін,,
node/371978051,village,Teptiuków,Тептюкув,,
node/1859414438,village,Teratyn,Тератин,,
node/3000444311,village,Teratyn-Kolonia,Тератин-Колонія,,
node/2617935485,village,Terebiń,Тепебінь,,
node/31887900,village,Terebiniec,Теребінець,,
node/371977786,village,Teremiec,Теремєц,,
node/31865068,village,Terenin,Теренін,,
node/31889095,village,Teresin,Тересін,,
node/841154698,village,Teresin,Тересін,,
node/2688315580,village,Tomaszówka,Томашувка,,
node/31946198,village,Torki,Торкі,,
node/1859515807,village,Toruń,Торунь,,
node/31946106,village,Trójczyce,Труйчице,,
node/2094713620,village,Trościanka,Тросьцянка,,
node/31945878,village,Trzcianiec,Тшчянець,,
node/31887855,village,Trzeszczany Drugie,Тшещани Другі,,
node/704938377,village,Trzeszczany Pierwsze,Тшещани Перші,,
node/31864927,village,Tuchanie,Туханє,,
node/31887848,village,Tuchla,Тухла,,
node/31887847,village,Tuczapy,Тучапи,,
node/31945620,village,Tuczempy,Тучемпи,,
node/31945603,village,Tuligłowy,Туліґлови,,
node/1859447130,village,Turka,Турка,,
node/2735332635,village,Turkołówka,Турколувка,,
node/1859389793,village,Turkowice,Турковіце,,
node/31887792,village,Turowiec,Туровець,,
node/31887777,village,Tymce,Тимце,,
node/31887772,village,Tymin,Тимін,,
node/31945305,village,Tyniowice,Тиньовіце,,
node/1859389796,village,Typin,Типін,,
node/1832067200,village,Tytusin,Титусін,,
node/31887752,village,Tywonia,Тивоня,,
node/31887739,village,Ubrodowice,Убродовіце,,
node/371977700,village,Uchanie,Ухане,,
node/841154578,village,Uchanie-Kolonia,Ухане-Колонія,,
node/31864853,village,Uchańka,Уханька,,
node/2079069968,village,Uher,Ухер,,
node/31944981,village,Ujkowice,Уйковіце,,
node/31887655,village,Ułazów,Улазув,,
node/31887646,village,Ulhówek,Ульховек,,
node/1859389799,village,Ulów,Улув,,
node/1859389802,village,Uśmierz,Усьмеж,,
node/692614046,village,Ustjanowa Dolna,Устянова Дольна,,
node/692614050,village,Ustjanowa Górna,Устянока Ґурна,,
node/31944639,village,Ustrzyki Górne,Устшикі Ґурне,,
node/31944416,village,Wacławice,Вацлавіце,,
node/31887532,village,Wakijów,Вакіюв,,
node/31944397,village,Walawa,Валава,,
node/31944367,village,Wapowce,Вапівці,,
node/31887493,village,Wasylów,Василув,,
node/31887496,village,Wasylów,Василув,,
node/705020907,village,Wasylów Wielki,Василув Велький,,
node/31944235,village,Węgierka,Венґерка,,
node/1859389804,village,Werbkowice,Вербковіце,,
node/31887463,village,Werchrata,Верхрата,,
node/31887470,village,Werechanie,Вереханє,,
node/2935874279,village,Werechanie-Kolonia,Вереханє-Колонія,,
node/31864674,village,Werejce,Верейце,,
node/692626418,village,Weremowice,Веремовіце,,
node/371951630,village,Wereszcze Duże,Вереще Дуже,,
node/31864669,village,Wereszcze Małe,Вереще Мале,,
node/1859389807,village,Wereszyn,Верешин,,
node/31887450,village,Wiązownica,Вйонжовниця,,
node/692614514,village,Widna Góra,Відна Ґура,,
node/523349288,village,Więckowice,Вєнцковіце,,
node/31887428,village,Wielkie Oczy,Вельке Очи,,
node/1859389812,village,Wieprzów Ordynacki,Вєпшув Ординацький,,
node/1859389813,village,Wieprzów Tarnawacki,Вєпшув Тарнавацький,,
node/31887421,village,Wieprzowe Jezioro,Вєпшове Єзьоро,,
node/371978688,village,Wierszczyca,Вєрщица,,
node/368746431,village,Wierzbica,Вежбиця,,
node/371977572,village,Wierzbica,Вежбиця,,
node/2176838716,village,Wierzbica,Вежбиця,,
node/760723726,village,Wierzbica-Osiedle,Вежбиця-Оседле,,
node/31887357,village,Wierzbna,Вежбна,,
node/31887306,village,Wietlin,Ветлін,,
node/692614574,village,Wietlin Pierwszy,Ветлін Первший,,
node/692614446,village,Wietlin Trzeci,Ветлін Третій,,
node/31885542,village,Wilków,Вілкув,,
node/692614763,village,Winne-Podbukowina,Вінне-Подбуковіна,,
node/31887095,village,Wiszniów,Вішнюв,,
node/1859389815,village,Witków,Віткув,,
node/1859414449,village,Witoldów,Вітольдув,,
node/31943395,village,Witoszyńce,Вітошиньце,,
node/368746520,village,Władysławów,Владиславув,,
node/31864180,village,Wojciechów,Войцехув,,
node/31886926,village,Wojciechówka,Войцехувка,,
node/31864142,village,Wojniaki,Войнякі,,
node/1859414450,village,Wojsławice,Войславіце,,
node/2094713621,village,Wojsławice-Kolonia,Войслвіце-Колонія,,
node/645138484,village,Wojtkowa,Войткова,,
node/31943203,village,Wojtkówka,Войткувка,,
node/31886755,village,Wola Buchowska,Воля Буховська,,
node/2934153826,village,Wola Gródecka,Воля Ґрудецька,,
node/1859515871,village,Wola Korybutowa Druga,Воля Корибутова Друга,,
node/1859515875,village,Wola Korybutowa Pierwsza,Воля Корибутова Перша,,
node/31874836,village,Wola Korybutowa-Kolonia,Воля Корибутова-Колонія,,
node/31942930,village,Wola Korzeniecka,Воля Коженецька,,
node/31942903,village,Wola Krzywiecka,Воля Кживецька,,
node/31942807,village,Wola Maćkowa,Воля Мацькова,,
node/31942591,village,Wola Romanowa,Воля Романова,,
node/31942578,village,Wola Roźwienicka,Воля Рузьвеницька,,
node/1859414452,village,Wola Uchańska,Воля Уханьська,,
node/31942485,village,Wola Węgierska,Воля Венґерська,,
node/31886451,village,Wola Wielka,Воля Велика,,
node/31886697,village,Wołajowice,Волайовіце,,
node/371951716,village,Wolawce,Волавце,,
node/2735332638,village,Wolica,Воліца,,
node/368746627,village,Wólka Czułczycka,Вулка Чулчицька,,
node/31886140,village,Wólka Horyniecka,Вулка Горинецька,,
node/1859515927,village,Wólka Kańska,Вулка Канська,,
node/2688315591,village,Wólka Kańska-Kolonia,Вулка Канська-Колонія,,
node/664032637,village,Wólka Krowicka,Вулка Кровіцька,,
node/31863605,village,Wólka Leszczańska,Вулка Лещаньська,,
node/371977826,village,Wólka Łosiniecka,Вулка Лосінецька,,
node/368746382,village,Wólka Okopska,Вулка Окопська,,
node/31885651,village,Wólka Pełkińska,Вулка Пелкіньська,,
node/360233136,village,Wólka Petryłowska,Вулка Петриловська,,
node/705561833,village,Wólka Poturzyńska,Вулка Потужиньська,,
node/1859389818,village,Wólka Pukarzowska,Вулка Пукажовська,,
node/31885617,village,Wólka Putnowicka,Вулка Путновіцька,,
node/692626420,village,Wólka Rejowiecka,Вулка Рейовецька,,
node/368746453,village,Wólka Tarnowska,Вулка Тарновська,,
node/31885555,village,Wólka Zapałowska,Вулка Запаловська,,
node/31885546,village,Wólka Żmijowska,Вулка Жмійовська,,
node/1859447140,village,Wołkowiany,Вулковяни,,
node/31942369,village,Wołosate,Волосате,,
node/31885528,village,Wożuczyn,Вожучин,,
node/31885519,village,Wronowice,Вроновіце,,
node/692614768,village,Wybrzeże,Вибжеже,,
node/31885445,village,Wygnańce,Виґнаньце,,
node/2087677794,village,Wygoda,Вигода,,
node/31941768,village,Wysocko,Висоцько,,
node/841154927,village,Wysokie,Високе,,
node/31941660,village,Wyszatyce,Вишатице,,
node/2934153828,village,Wyżłów,Вижлув,,
node/1859389868,village,Żabcze,Жабче,,
node/2085994539,village,Zabitek,Забітек,,
node/31941380,village,Zabłotce,Заблотце,,
node/31885153,village,Zaborce,Заборце,,
node/371788211,village,Zaboreczno,Заборечно,,
node/793837253,village,Zabudnowo,Забудново,,
node/31941322,village,Zadąbrowie,Задомбров'є,,
node/31885067,village,Zadębce,Задембце,,
node/2688315604,village,Zadębce-Kolonia,Задембце-Колонія,,
node/2995322649,village,Zadnoga,Задноґа,,
node/692614062,village,Zadwórze,Задвуже,,
node/31884987,village,Zagórnik,Заґурнік,,
node/371978076,village,Zagroda,Заґрода,,
node/1871028331,village,Zagrody,Заґроди,,
node/31862447,village,Zalasocze,Заласоче,,
node/692614773,village,Załazek,Залазек,,
node/692614127,village,Zalesie,Залес'є,,
node/692614452,village,Zalesie,Залес'є,,
node/1859515946,village,Zalesie Kańskie,Залес'є Каньське,,
node/31862479,village,Zalesie Krasieńskie,Залес'є Красеньське,,
node/31942432,village,Zaleska Wola,Залеска Воля,,
node/368746963,village,Żalin,Жалін,,
node/1859320693,village,Załuże,Залуже,,
node/1859389824,village,Zamiany,Замяни,,
node/31940843,village,Zamiechów,Замєхув,,
node/368746775,village,Zamieście,Замесьце,,
node/1859389827,village,Zamłynie,Замлинє,,
node/31940799,village,Zamojsce,Замойсце,,
node/31862348,village,Zanowinie,Зановінє,,
node/31884592,village,Zapałów,Запалув,,
node/1859389830,village,Zaręka,Заренка,,
node/368746977,village,Zarudnia,Зарудня,,
node/368746270,village,Zarzecze,Зажече,,
node/31940551,village,Zatwarnica,Затварніса,,
node/1837516735,village,Zatyle,Затуле,,
node/692614161,village,Zawadka,Завадка,,
node/1859389848,village,Zawadki,Завадкі,,
node/1859515958,village,Zawadówka,Завадувка,,
node/2176838723,village,Zawadówka,Завадувка,,
node/371948606,village,Zawady,Завади,,
node/1938490844,village,Żerniki,Жернікі,,
node/692614532,village,Zgoda,Зґода,,
node/31884417,village,Zimno,Зімно,,
node/705023892,village,Zimno-Kolonia,Зімно-Колонія,,
node/692614065,village,Żłobek,Жлобек,,
node/31884411,village,Żmijowiska,Жмійовіска,,
node/31861782,village,Żmudź,Жмудзь,,
node/31884408,village,Żniatyn,Жнятин,,
node/31939348,village,Żohatyn,Жохатин,,
node/1859447169,village,Żółtańce,Жултаньце,,
node/259981441,village,Zosin,Зосін,,
node/692614395,village,Żuków,Жукув,,
node/1859389871,village,Żulice,Жуліце,,
node/371978584,village,Żurawce,Журавце,,
node/31939109,village,Żurawica,Журавіца,Журавица,
node/31884355,village,Zwiartów,Жвяртув,,
node/31884354,village,Zwiartówek,Жвяртувек,,
node/2935947956,village,Zwiartówek-Kolonia,Жвяртувек-Колонія,,
node/2995322650,village,Zwiartów-Kolonia,Жвяртув-Колонія,,
node/1837516745,village,Żyłka,Жилка,,
node/2118960776,village,Zyngierówka,Зинґерувка,,